"id";"uri";"data";"dataHoraRegistro";"idOrgao";"uriOrgao";"siglaOrgao";"idEvento";"uriEvento";"aprovacao";"votosSim";"votosNao";"votosOutros";"descricao";"ultimaAberturaVotacao_dataHoraRegistro";"ultimaAberturaVotacao_descricao";"ultimaApresentacaoProposicao_dataHoraRegistro";"ultimaApresentacaoProposicao_descricao";"ultimaApresentacaoProposicao_idProposicao";"ultimaApresentacaoProposicao_uriProposicao"
"2345501-28";"https://dadosabertos.camara.leg.br/api/v2/votacoes/2345501-28";"2023-01-09";"2023-01-09T21:22:54";"180";"https://dadosabertos.camara.leg.br/api/v2/orgaos/180";"PLEN";"67053";"https://dadosabertos.camara.leg.br/api/v2/eventos/67053";"1";"0";"0";"0";"Aprovada a Redação Final assinada pelo Relator, Dep. Rubens Pereira Junior (PT-MA).";"2023-01-09T21:22:42";"Votação da Redação Final.";"2023-01-09T21:00:20";"Parecer proferido em Plenário pelo Relator, Dep. Rubens Pereira Junior (PT-MA), pela Comissão de Constituição e Justiça e de Cidadania, que conclui pela constitucionalidade, juridicidade e boa técnica legislativa e, no mérito, pela aprovação do Decreto nº 11.377, de 08 de janeiro de 2023, encaminhado por meio da Mensagem nº 14, de 2023.";"2345505";"https://dadosabertos.camara.leg.br/api/v2/proposicoes/2345505"
"2345502-6";"https://dadosabertos.camara.leg.br/api/v2/votacoes/2345502-6";"2023-01-09";"2023-01-09T20:58:24";"180";"https://dadosabertos.camara.leg.br/api/v2/orgaos/180";"PLEN";"67053";"https://dadosabertos.camara.leg.br/api/v2/eventos/67053";"1";"0";"0";"0";"Aprovado, por unanimidade, o Requerimento de Urgência (Art. 155 do RICD).";"";"";"";"";"0";""
"2345501-17";"https://dadosabertos.camara.leg.br/api/v2/votacoes/2345501-17";"2023-01-09";"2023-01-09T20:58:25";"100001";"https://dadosabertos.camara.leg.br/api/v2/orgaos/100001";"SECAP(SGM)";"0";"";"1";"0";"0";"0";"Realizar o encaminhamento da MSC-14/2023 à CCJC (tramitação simultânea), em razão da aprovação de requerimento de urgência.";"";"";"";"";"0";""
"2345501-18";"https://dadosabertos.camara.leg.br/api/v2/votacoes/2345501-18";"2023-01-09";"2023-01-09T20:58:25";"100001";"https://dadosabertos.camara.leg.br/api/v2/orgaos/100001";"SECAP(SGM)";"0";"";"1";"0";"0";"0";"Realizar o encaminhamento da MSC-14/2023 à CCJC (tramitação simultânea), em razão da aprovação de requerimento de urgência.";"";"";"";"";"0";""
"2345501-25";"https://dadosabertos.camara.leg.br/api/v2/votacoes/2345501-25";"2023-01-09";"2023-01-09T21:22:12";"180";"https://dadosabertos.camara.leg.br/api/v2/orgaos/180";"PLEN";"67053";"https://dadosabertos.camara.leg.br/api/v2/eventos/67053";"0";"0";"0";"0";"Rejeitado o Requerimento.";"2023-01-09T21:26:10";"Votação em turno único.";"2023-01-09T21:00:20";"Parecer proferido em Plenário pelo Relator, Dep. Rubens Pereira Junior (PT-MA), pela Comissão de Constituição e Justiça e de Cidadania, que conclui pela constitucionalidade, juridicidade e boa técnica legislativa e, no mérito, pela aprovação do Decreto nº 11.377, de 08 de janeiro de 2023, encaminhado por meio da Mensagem nº 14, de 2023.";"2345505";"https://dadosabertos.camara.leg.br/api/v2/proposicoes/2345505"
"2345501-26";"https://dadosabertos.camara.leg.br/api/v2/votacoes/2345501-26";"2023-01-09";"2023-01-09T21:22:30";"180";"https://dadosabertos.camara.leg.br/api/v2/orgaos/180";"PLEN";"67053";"https://dadosabertos.camara.leg.br/api/v2/eventos/67053";"1";"0";"0";"0";"Aprovado o Projeto de Decreto Legislativo nº 1, de 2023, adotado pelo Relator da Comissão de Constituição e Justiça e de Cidadania.";"2023-01-09T21:26:10";"Votação em turno único.";"2023-01-09T21:00:20";"Parecer proferido em Plenário pelo Relator, Dep. Rubens Pereira Junior (PT-MA), pela Comissão de Constituição e Justiça e de Cidadania, que conclui pela constitucionalidade, juridicidade e boa técnica legislativa e, no mérito, pela aprovação do Decreto nº 11.377, de 08 de janeiro de 2023, encaminhado por meio da Mensagem nº 14, de 2023.";"2345505";"https://dadosabertos.camara.leg.br/api/v2/proposicoes/2345505"
"2345508-7";"https://dadosabertos.camara.leg.br/api/v2/votacoes/2345508-7";"2023-01-09";"";"4";"https://dadosabertos.camara.leg.br/api/v2/orgaos/4";"MESA";"0";"";"0";"0";"0";"0";"Apresentação do Voto em Separado n. 1 MESA, pela Deputada Carla Zambelli (PL/SP).";"";"";"";"";"0";""
"110085-159";"https://dadosabertos.camara.leg.br/api/v2/votacoes/110085-159";"2023-01-31";"2023-02-03T15:26:40";"2003";"https://dadosabertos.camara.leg.br/api/v2/orgaos/2003";"CCJC";"0";"";"1";"0";"0";"0";"PARECER CONSIDERADO VÁLIDO, NOS TERMOS DO § 2º DO ART 105 DO RICD, ENQUANTO APENSADO AO PRC 145/1993: REJEIÇÃO DO PARECER DO RELATOR, DEP RICARDO FIUZA.
APROVAÇÃO DO PARECER DO DEP INALDO LEITÃO, DESIGNADO RELATOR DO VENCEDOR, PELA CONSTITUCIONALIDADE, JURIDICIDADE, TECNICA LEGISLATIVA E, NO MERITO, PELA REJEIÇÃO, CONTRA O VOTO EM SEPARADO DO DEP RICARDO FIUZA.";"";"";"";"";"0";""
"266409-126";"https://dadosabertos.camara.leg.br/api/v2/votacoes/266409-126";"2023-01-31";"2023-02-03T15:37:28";"2003";"https://dadosabertos.camara.leg.br/api/v2/orgaos/2003";"CCJC";"0";"";"1";"0";"0";"0";"[PARECER CONSIDERADO VÁLIDO, NOS TERMOS DO § 2º DO ART 105 DO RICD, ENQUANTO APENSADO AO PRC 62/1991]: APROVAÇÃO UNANIME DO PARECER DO RELATOR, DEP CLEONANCIO FONSECA, PELA CONSTITUCIONALIDADE, JURIDICIDADE E TECNICA LEGISLATIVA.
DCN1 05 03 93 PAG 4583 COL 01.";"";"";"";"";"0";""
"266409-127";"https://dadosabertos.camara.leg.br/api/v2/votacoes/266409-127";"2023-01-31";"2023-02-03T15:46:15";"4";"https://dadosabertos.camara.leg.br/api/v2/orgaos/4";"MESA";"0";"";"1";"0";"0";"0";"[PARECER CONSIDERADO VÁLIDO, NOS TERMOS DO § 2º DO ART 105 DO RICD, ENQUANTO APENSADO AO PRC 62/1991]: APROVAÇÃO UNANIME DO PARECER FAVORAVEL DO RELATOR, DEP GENESIO BERNARDINO, PRIMEIRO VICE-PRESIDENTE, COM SUBSTITUTIVO.
DCN1 16 01 93 PAG 0629 COL 02.";"";"";"2009-04-13T16:12:46";"Apresentação do Requerimento n° 3802, de 2008, pela Comissão de Constituição e Justiça e de Cidadania, que solicita tomada de providências de caráter saneador para a regularização do processo referente ao Projeto de Resolução nº 63/2000.";"0";""
"2301213-61";"https://dadosabertos.camara.leg.br/api/v2/votacoes/2301213-61";"2023-02-07";"2023-02-07T18:50:25";"180";"https://dadosabertos.camara.leg.br/api/v2/orgaos/180";"PLEN";"67091";"https://dadosabertos.camara.leg.br/api/v2/eventos/67091";"1";"0";"0";"0";"Aprovado o Projeto de Decreto Legislativo nº 776, de 2021.";"2023-02-07T18:40:24";"Votação em turno único.";"";"";"0";""
"2301213-63";"https://dadosabertos.camara.leg.br/api/v2/votacoes/2301213-63";"2023-02-07";"2023-02-07T18:50:55";"180";"https://dadosabertos.camara.leg.br/api/v2/orgaos/180";"PLEN";"67091";"https://dadosabertos.camara.leg.br/api/v2/eventos/67091";"1";"0";"0";"0";"Aprovada a Redação Final.";"2023-02-07T18:50:36";"Votação da Redação Final.";"";"";"0";""
"2305154-57";"https://dadosabertos.camara.leg.br/api/v2/votacoes/2305154-57";"2023-02-07";"2023-02-07T19:18:26";"180";"https://dadosabertos.camara.leg.br/api/v2/orgaos/180";"PLEN";"67091";"https://dadosabertos.camara.leg.br/api/v2/eventos/67091";"1";"0";"0";"0";"Aprovado o Projeto de Decreto Legislativo nº 930, de 2021.";"2023-02-07T19:07:37";"Votação em turno único.";"";"Apresentação do Projeto de Decreto Legislativo de Acordos, tratados ou atos internacionais n. 930/2021, pela Representação Brasileira no Parlamento do Mercosul., que: ""Aprova o texto do Acordo entre a República Federativa do Brasil e a República do Peru para Facilitação do Trânsito de Veículos de uso Particular, assinado em Lima, em 11 de dezembro de 2009"".";"0";""
"2305154-59";"https://dadosabertos.camara.leg.br/api/v2/votacoes/2305154-59";"2023-02-07";"2023-02-07T19:19:02";"180";"https://dadosabertos.camara.leg.br/api/v2/orgaos/180";"PLEN";"67091";"https://dadosabertos.camara.leg.br/api/v2/eventos/67091";"1";"0";"0";"0";"Aprovada a Redação Final.";"2023-02-07T19:18:41";"Votação da Redação Final.";"";"Apresentação do Projeto de Decreto Legislativo de Acordos, tratados ou atos internacionais n. 930/2021, pela Representação Brasileira no Parlamento do Mercosul., que: ""Aprova o texto do Acordo entre a República Federativa do Brasil e a República do Peru para Facilitação do Trânsito de Veículos de uso Particular, assinado em Lima, em 11 de dezembro de 2009"".";"0";""
"2310248-30";"https://dadosabertos.camara.leg.br/api/v2/votacoes/2310248-30";"2023-02-07";"2023-02-07T20:11:48";"180";"https://dadosabertos.camara.leg.br/api/v2/orgaos/180";"PLEN";"67091";"https://dadosabertos.camara.leg.br/api/v2/eventos/67091";"1";"0";"0";"0";"Aprovado o Projeto de Decreto Legislativo nº 1.101, de 2021.";"2023-02-07T20:03:12";"Votação em turno único.";"";"";"0";""
"2310248-32";"https://dadosabertos.camara.leg.br/api/v2/votacoes/2310248-32";"2023-02-07";"2023-02-07T20:13:39";"180";"https://dadosabertos.camara.leg.br/api/v2/orgaos/180";"PLEN";"67091";"https://dadosabertos.camara.leg.br/api/v2/eventos/67091";"1";"0";"0";"0";"Aprovada a Redação Final.";"2023-02-07T20:13:12";"Votação da Redação Final.";"";"";"0";""
"2348205-21";"https://dadosabertos.camara.leg.br/api/v2/votacoes/2348205-21";"2023-02-08";"2023-02-08T19:30:04";"180";"https://dadosabertos.camara.leg.br/api/v2/orgaos/180";"PLEN";"67104";"https://dadosabertos.camara.leg.br/api/v2/eventos/67104";"1";"0";"0";"0";"Aprovada a Redação Final assinada pelo Relator, Dep. Hugo Motta (REPUBLIC-PB).";"2023-02-08T19:29:49";"Votação da Redação Final.";"2023-02-08T18:58:49";"Parecer proferido em Plenário pelo Relator, Dep. Hugo Motta (REPUBLIC-PB), pela Comissão de Constituição e Justiça e de Cidadania, que conclui pela constitucionalidade, juridicidade e técnica legislativa; e, no mérito, pela aprovação, na forma do Substitutivo apresentado.";"2348210";"https://dadosabertos.camara.leg.br/api/v2/proposicoes/2348210"
"2348205-14";"https://dadosabertos.camara.leg.br/api/v2/votacoes/2348205-14";"2023-02-08";"2023-02-08T19:14:38";"180";"https://dadosabertos.camara.leg.br/api/v2/orgaos/180";"PLEN";"67104";"https://dadosabertos.camara.leg.br/api/v2/eventos/67104";"1";"0";"0";"0";"Aprovado o Substitutivo ao Projeto de Resolução nº 15, de 2023, adotado pelo Relator da Comissão de Constituição e Justiça e de Cidadania.";"2023-02-08T19:14:00";"Votação em turno único.";"2023-02-08T18:58:49";"Parecer proferido em Plenário pelo Relator, Dep. Hugo Motta (REPUBLIC-PB), pela Comissão de Constituição e Justiça e de Cidadania, que conclui pela constitucionalidade, juridicidade e técnica legislativa; e, no mérito, pela aprovação, na forma do Substitutivo apresentado.";"2348210";"https://dadosabertos.camara.leg.br/api/v2/proposicoes/2348210"
"2348237-5";"https://dadosabertos.camara.leg.br/api/v2/votacoes/2348237-5";"2023-02-08";"2023-02-08T19:42:26";"180";"https://dadosabertos.camara.leg.br/api/v2/orgaos/180";"PLEN";"67104";"https://dadosabertos.camara.leg.br/api/v2/eventos/67104";"1";"0";"0";"0";"Aprovado o Requerimento de Urgência (Art. 155 do RICD).";"";"";"";"Apresentação do Requerimento de Urgência (Art. 155 do RICD) n. 94/2023, pelo Deputado Altineu Côrtes (PL/RJ), que ""Requer urgência para apreciação nos termos do art. 155, do Regimento Interno, do PRC 15/2023"".";"0";""
"2348205-26";"https://dadosabertos.camara.leg.br/api/v2/votacoes/2348205-26";"2023-02-08";"2023-02-08T19:42:27";"100001";"https://dadosabertos.camara.leg.br/api/v2/orgaos/100001";"SECAP(SGM)";"0";"";"1";"0";"0";"0";"Realizar o encaminhamento do PRC-15/2023 à CCJC (tramitação simultânea), em razão da aprovação de requerimento de urgência.";"";"";"";"";"0";""
"2313048-44";"https://dadosabertos.camara.leg.br/api/v2/votacoes/2313048-44";"2023-02-09";"2023-02-09T10:03:29";"180";"https://dadosabertos.camara.leg.br/api/v2/orgaos/180";"PLEN";"67107";"https://dadosabertos.camara.leg.br/api/v2/eventos/67107";"1";"0";"0";"0";"Aprovado o Projeto de Decreto Legislativo nº 1.130, de 2021.";"2023-02-09T09:59:01";"Votação em turno único.";"";"";"0";""
"2313048-46";"https://dadosabertos.camara.leg.br/api/v2/votacoes/2313048-46";"2023-02-09";"2023-02-09T10:04:18";"180";"https://dadosabertos.camara.leg.br/api/v2/orgaos/180";"PLEN";"67107";"https://dadosabertos.camara.leg.br/api/v2/eventos/67107";"1";"0";"0";"0";"Aprovada a Redação Final.";"2023-02-09T10:03:37";"Votação da Redação Final.";"";"";"0";""
"2324976-40";"https://dadosabertos.camara.leg.br/api/v2/votacoes/2324976-40";"2023-02-09";"2023-02-09T10:47:17";"180";"https://dadosabertos.camara.leg.br/api/v2/orgaos/180";"PLEN";"67107";"https://dadosabertos.camara.leg.br/api/v2/eventos/67107";"1";"0";"0";"0";"Aprovado o Projeto de Decreto Legislativo nº 160, de 2022.";"2023-02-09T10:29:24";"Votação em turno único.";"";"Apresentação do Projeto de Decreto Legislativo n. 160/2022, pela REPRESENTAÇÃO BRASILEIRA NO PARLAMENTO DO MERCOSUL, que ""Aprova o texto do Protocolo sobre Transferência de Pessoas Sujeitas a Regimes Especiais (Complementar ao Acordo sobre Transferência de Pessoas Condenadas entre os Estados Partes do Mercosul e a República da Bolívia e a República do Chile), celebrado em Assunção, em 20 de junho de 2005"".";"0";""
"2324976-42";"https://dadosabertos.camara.leg.br/api/v2/votacoes/2324976-42";"2023-02-09";"2023-02-09T10:48:52";"180";"https://dadosabertos.camara.leg.br/api/v2/orgaos/180";"PLEN";"67107";"https://dadosabertos.camara.leg.br/api/v2/eventos/67107";"1";"0";"0";"0";"Aprovada a Emenda de Comissão nº 1, de 2022.";"2023-02-09T10:48:30";"Votação da Emenda da Comissão de Relações Exteriores e de Defesa Nacional.";"";"Apresentação do Projeto de Decreto Legislativo n. 160/2022, pela REPRESENTAÇÃO BRASILEIRA NO PARLAMENTO DO MERCOSUL, que ""Aprova o texto do Protocolo sobre Transferência de Pessoas Sujeitas a Regimes Especiais (Complementar ao Acordo sobre Transferência de Pessoas Condenadas entre os Estados Partes do Mercosul e a República da Bolívia e a República do Chile), celebrado em Assunção, em 20 de junho de 2005"".";"0";""
"2324976-44";"https://dadosabertos.camara.leg.br/api/v2/votacoes/2324976-44";"2023-02-09";"2023-02-09T10:49:16";"180";"https://dadosabertos.camara.leg.br/api/v2/orgaos/180";"PLEN";"67107";"https://dadosabertos.camara.leg.br/api/v2/eventos/67107";"1";"0";"0";"0";"Aprovada a Redação Final.";"2023-02-09T10:49:01";"Votação da Redação Final.";"";"Apresentação do Projeto de Decreto Legislativo n. 160/2022, pela REPRESENTAÇÃO BRASILEIRA NO PARLAMENTO DO MERCOSUL, que ""Aprova o texto do Protocolo sobre Transferência de Pessoas Sujeitas a Regimes Especiais (Complementar ao Acordo sobre Transferência de Pessoas Condenadas entre os Estados Partes do Mercosul e a República da Bolívia e a República do Chile), celebrado em Assunção, em 20 de junho de 2005"".";"0";""
"2335151-35";"https://dadosabertos.camara.leg.br/api/v2/votacoes/2335151-35";"2023-02-14";"2023-02-14T18:56:04";"180";"https://dadosabertos.camara.leg.br/api/v2/orgaos/180";"PLEN";"67113";"https://dadosabertos.camara.leg.br/api/v2/eventos/67113";"1";"0";"0";"0";"Aprovada a Redação Final assinada pelo relator, Dep. Pedro Paulo (PSD-RJ).";"2023-02-14T18:55:48";"Votação da Redação Final.";"2023-02-14T18:12:51";"Parecer proferido em Plenário pelo Relator, Dep. Pedro Paulo (PSD-RJ), pela Comissão Mista do Congresso Nacional, que conclui pelo atendimento dos pressupostos constitucionais de relevância e urgência da Medida Provisória nº 1.138, de 2022; pela constitucionalidade, juridicidade e boa técnica legislativa da Medida Provisória nº 1.138, de 2022, e das emendas apresentadas perante a Comissão Mista, com a ressalva das emendas nºs 2, 3, 4, 5, 6, 7, e 8, consideradas inconstitucionais; pela adequação financeira e orçamentária da Medida Provisória nº 1.138, de 2022; pela não implicação financeira ou orçamentária das Emendas nºs 2, 3, 4, 5, 6, 7 e 8; e pela inadequação orçamentária e financeira da Emenda nº 1; e, no mérito, pela aprovação da Medida Provisória nº 1.138, de 2022, e pela rejeição de todas as emendas apresentadas perante a Comissão Mista.";"2348756";"https://dadosabertos.camara.leg.br/api/v2/proposicoes/2348756"
"2335151-30";"https://dadosabertos.camara.leg.br/api/v2/votacoes/2335151-30";"2023-02-14";"2023-02-14T18:51:22";"180";"https://dadosabertos.camara.leg.br/api/v2/orgaos/180";"PLEN";"67113";"https://dadosabertos.camara.leg.br/api/v2/eventos/67113";"1";"0";"0";"0";"Aprovado, em apreciação preliminar, o Parecer da Comissão Mista, na parte em que manifesta opinião favorável quanto ao atendimento dos pressupostos constitucionais de relevância e urgência e à adequação financeira e orçamentária, nos termos do artigo 8º da Resolução nº 01, de 2002-CN.";"2023-02-14T18:48:59";"Votação preliminar em turno único.";"2023-02-14T18:12:51";"Parecer proferido em Plenário pelo Relator, Dep. Pedro Paulo (PSD-RJ), pela Comissão Mista do Congresso Nacional, que conclui pelo atendimento dos pressupostos constitucionais de relevância e urgência da Medida Provisória nº 1.138, de 2022; pela constitucionalidade, juridicidade e boa técnica legislativa da Medida Provisória nº 1.138, de 2022, e das emendas apresentadas perante a Comissão Mista, com a ressalva das emendas nºs 2, 3, 4, 5, 6, 7, e 8, consideradas inconstitucionais; pela adequação financeira e orçamentária da Medida Provisória nº 1.138, de 2022; pela não implicação financeira ou orçamentária das Emendas nºs 2, 3, 4, 5, 6, 7 e 8; e pela inadequação orçamentária e financeira da Emenda nº 1; e, no mérito, pela aprovação da Medida Provisória nº 1.138, de 2022, e pela rejeição de todas as emendas apresentadas perante a Comissão Mista.";"2348756";"https://dadosabertos.camara.leg.br/api/v2/proposicoes/2348756"
"2335151-31";"https://dadosabertos.camara.leg.br/api/v2/votacoes/2335151-31";"2023-02-14";"2023-02-14T18:51:35";"180";"https://dadosabertos.camara.leg.br/api/v2/orgaos/180";"PLEN";"67113";"https://dadosabertos.camara.leg.br/api/v2/eventos/67113";"1";"0";"0";"0";"Aprovado, em apreciação preliminar, o Parecer da Comissão Mista, na parte em que manifesta opinião pelo não atendimento dos pressupostos constitucionais de relevância e urgência e pela inadequação financeira e orçamentária, nos termos do artigo 8º da Resolução nº 01, de 2002-CN.";"2023-02-14T18:48:59";"Votação preliminar em turno único.";"2023-02-14T18:12:51";"Parecer proferido em Plenário pelo Relator, Dep. Pedro Paulo (PSD-RJ), pela Comissão Mista do Congresso Nacional, que conclui pelo atendimento dos pressupostos constitucionais de relevância e urgência da Medida Provisória nº 1.138, de 2022; pela constitucionalidade, juridicidade e boa técnica legislativa da Medida Provisória nº 1.138, de 2022, e das emendas apresentadas perante a Comissão Mista, com a ressalva das emendas nºs 2, 3, 4, 5, 6, 7, e 8, consideradas inconstitucionais; pela adequação financeira e orçamentária da Medida Provisória nº 1.138, de 2022; pela não implicação financeira ou orçamentária das Emendas nºs 2, 3, 4, 5, 6, 7 e 8; e pela inadequação orçamentária e financeira da Emenda nº 1; e, no mérito, pela aprovação da Medida Provisória nº 1.138, de 2022, e pela rejeição de todas as emendas apresentadas perante a Comissão Mista.";"2348756";"https://dadosabertos.camara.leg.br/api/v2/proposicoes/2348756"
"2335151-33";"https://dadosabertos.camara.leg.br/api/v2/votacoes/2335151-33";"2023-02-14";"2023-02-14T18:55:16";"180";"https://dadosabertos.camara.leg.br/api/v2/orgaos/180";"PLEN";"67113";"https://dadosabertos.camara.leg.br/api/v2/eventos/67113";"1";"0";"0";"0";"Aprovada a Medida Provisória nº 1.138, de 2022.";"2023-02-14T18:51:46";"Votação, quanto ao mérito, em turno único.";"2023-02-14T18:12:51";"Parecer proferido em Plenário pelo Relator, Dep. Pedro Paulo (PSD-RJ), pela Comissão Mista do Congresso Nacional, que conclui pelo atendimento dos pressupostos constitucionais de relevância e urgência da Medida Provisória nº 1.138, de 2022; pela constitucionalidade, juridicidade e boa técnica legislativa da Medida Provisória nº 1.138, de 2022, e das emendas apresentadas perante a Comissão Mista, com a ressalva das emendas nºs 2, 3, 4, 5, 6, 7, e 8, consideradas inconstitucionais; pela adequação financeira e orçamentária da Medida Provisória nº 1.138, de 2022; pela não implicação financeira ou orçamentária das Emendas nºs 2, 3, 4, 5, 6, 7 e 8; e pela inadequação orçamentária e financeira da Emenda nº 1; e, no mérito, pela aprovação da Medida Provisória nº 1.138, de 2022, e pela rejeição de todas as emendas apresentadas perante a Comissão Mista.";"2348756";"https://dadosabertos.camara.leg.br/api/v2/proposicoes/2348756"
"2267323-54";"https://dadosabertos.camara.leg.br/api/v2/votacoes/2267323-54";"2023-02-15";"2023-02-15T12:16:36";"180";"https://dadosabertos.camara.leg.br/api/v2/orgaos/180";"PLEN";"67116";"https://dadosabertos.camara.leg.br/api/v2/eventos/67116";"1";"0";"0";"0";"Aprovada a Redação Final assinada pela relatora Dep. Flávia Morais (PDT-GO).";"2023-02-15T12:16:13";"Votação da Redação Final.";"2023-02-15T12:12:21";"Parecer proferido em Plenário pela Relatora, Dep. Flávia Morais (PDT-GO), pela Comissão de Constituição e Justiça e de Cidadania, que conclui pela constitucionalidade, juridicidade e técnica legislativa do Projeto de Lei nº 5.543, de 2020, e do Substitutivo adotado pela relatora da Comissão de Saúde.";"2348830";"https://dadosabertos.camara.leg.br/api/v2/proposicoes/2348830"
"2324977-60";"https://dadosabertos.camara.leg.br/api/v2/votacoes/2324977-60";"2023-02-15";"2023-02-15T12:08:53";"180";"https://dadosabertos.camara.leg.br/api/v2/orgaos/180";"PLEN";"67116";"https://dadosabertos.camara.leg.br/api/v2/eventos/67116";"1";"0";"0";"0";"Aprovado o Projeto de Decreto Legislativo nº 161, de 2022.";"2023-02-15T12:01:39";"Votação em turno único.";"";"Apresentação do Projeto de Decreto Legislativo n. 161/2022, pela REPRESENTAÇÃO BRASILEIRA NO PARLAMENTO DO MERCOSUL, que ""Aprova o texto da Convenção entre a República Federativa do Brasil e a República Oriental do Uruguai para Eliminar a Dupla Tributação em Relação aos Tributos sobre a Renda e sobre o Capital e Prevenir a Evasão e a Elisão Fiscais, assinado em Brasília, em 7 de junho de 2019"".";"0";""
"2324977-62";"https://dadosabertos.camara.leg.br/api/v2/votacoes/2324977-62";"2023-02-15";"2023-02-15T12:09:35";"180";"https://dadosabertos.camara.leg.br/api/v2/orgaos/180";"PLEN";"67116";"https://dadosabertos.camara.leg.br/api/v2/eventos/67116";"1";"0";"0";"0";"Aprovada a Redação Final.";"2023-02-15T12:09:06";"Votação da Redação Final.";"";"Apresentação do Projeto de Decreto Legislativo n. 161/2022, pela REPRESENTAÇÃO BRASILEIRA NO PARLAMENTO DO MERCOSUL, que ""Aprova o texto da Convenção entre a República Federativa do Brasil e a República Oriental do Uruguai para Eliminar a Dupla Tributação em Relação aos Tributos sobre a Renda e sobre o Capital e Prevenir a Evasão e a Elisão Fiscais, assinado em Brasília, em 7 de junho de 2019"".";"0";""
"2267323-52";"https://dadosabertos.camara.leg.br/api/v2/votacoes/2267323-52";"2023-02-15";"2023-02-15T12:15:59";"180";"https://dadosabertos.camara.leg.br/api/v2/orgaos/180";"PLEN";"67116";"https://dadosabertos.camara.leg.br/api/v2/eventos/67116";"1";"0";"0";"0";"Aprovado o Substitutivo ao Projeto de Lei nº 5.543, de 2020, adotado pela relatora da Comissão de Saúde.";"2023-02-15T12:15:43";"Votação em turno único.";"2023-02-15T12:12:21";"Parecer proferido em Plenário pela Relatora, Dep. Flávia Morais (PDT-GO), pela Comissão de Constituição e Justiça e de Cidadania, que conclui pela constitucionalidade, juridicidade e técnica legislativa do Projeto de Lei nº 5.543, de 2020, e do Substitutivo adotado pela relatora da Comissão de Saúde.";"2348830";"https://dadosabertos.camara.leg.br/api/v2/proposicoes/2348830"
"2324989-41";"https://dadosabertos.camara.leg.br/api/v2/votacoes/2324989-41";"2023-02-15";"2023-02-15T12:47:58";"180";"https://dadosabertos.camara.leg.br/api/v2/orgaos/180";"PLEN";"67116";"https://dadosabertos.camara.leg.br/api/v2/eventos/67116";"1";"0";"0";"0";"Aprovado o Projeto de Decreto Legislativo nº 168, de 2022.";"2023-02-15T12:40:07";"Votação em turno único.";"";"Apresentação do Projeto de Decreto Legislativo n. 168/2022, pela REPRESENTAÇÃO BRASILEIRA NO PARLAMENTO DO MERCOSUL, que ""Aprova o texto do Acordo Sobre Mecanismo de Cooperação entre os Estados Partes do Mercosul e Estados Associados, firmado em Santa Fé, República Argentina, em 16 de junho de 2019"".";"0";""
"2324989-43";"https://dadosabertos.camara.leg.br/api/v2/votacoes/2324989-43";"2023-02-15";"2023-02-15T12:48:26";"180";"https://dadosabertos.camara.leg.br/api/v2/orgaos/180";"PLEN";"67116";"https://dadosabertos.camara.leg.br/api/v2/eventos/67116";"1";"0";"0";"0";"Aprovada a Redação Final.";"2023-02-15T12:48:07";"Votação da Redação Final.";"";"Apresentação do Projeto de Decreto Legislativo n. 168/2022, pela REPRESENTAÇÃO BRASILEIRA NO PARLAMENTO DO MERCOSUL, que ""Aprova o texto do Acordo Sobre Mecanismo de Cooperação entre os Estados Partes do Mercosul e Estados Associados, firmado em Santa Fé, República Argentina, em 16 de junho de 2019"".";"0";""
"2349225-2";"https://dadosabertos.camara.leg.br/api/v2/votacoes/2349225-2";"2023-02-28";"2023-02-28T15:38:01";"539407";"https://dadosabertos.camara.leg.br/api/v2/orgaos/539407";"CEXMABRU";"67120";"https://dadosabertos.camara.leg.br/api/v2/eventos/67120";"1";"0";"0";"0";"Aprovado.";"";"";"";"Apresentação do Requerimento de Audiência Pública n. 1/2023, pelo Deputado Rogério Correia (PT/MG -Fdr PT-PCdoB-PV), que ""Requer a realização de Audiências Públicas para debater a repactuação do acordo judicial referente ao rompimento da barragem do Fundão, ocorrido no município de Mariana, que impactou toda bacia hidrográfica do Rio Doce, nos Estados de Minas Gerais e Espírito Santo"".";"0";""
"2349228-2";"https://dadosabertos.camara.leg.br/api/v2/votacoes/2349228-2";"2023-02-28";"2023-02-28T15:38:34";"539407";"https://dadosabertos.camara.leg.br/api/v2/orgaos/539407";"CEXMABRU";"67120";"https://dadosabertos.camara.leg.br/api/v2/eventos/67120";"1";"0";"0";"0";"Aprovado.";"";"";"";"Apresentação do Requerimento para realização ou participação em Seminário ou outros Eventos n. 2/2023, pelo Deputado Rogério Correia (PT/MG -Fdr PT-PCdoB-PV), que ""Requer a realização de reuniões técnicas de trabalho para debater a repactuação do acordo judicial referente ao rompimento da barragem do Fundão, ocorrido no município de Mariana, que impactou toda bacia hidrográfica do Rio Doce, nos Estados de Minas Gerais e Espírito Santo"".";"0";""
"2349231-2";"https://dadosabertos.camara.leg.br/api/v2/votacoes/2349231-2";"2023-02-28";"2023-02-28T15:39:06";"539407";"https://dadosabertos.camara.leg.br/api/v2/orgaos/539407";"CEXMABRU";"67120";"https://dadosabertos.camara.leg.br/api/v2/eventos/67120";"1";"0";"0";"0";"Aprovado.";"";"";"";"Apresentação do Requerimento para realização ou participação em Seminário ou outros Eventos n. 3/2023, pelo Deputado Rogério Correia (PT/MG -Fdr PT-PCdoB-PV), que ""Requer a realização de mesas redondas a serem realizadas nos Estados de Minas Gerais e Espírito Santo para debater a repactuação do acordo judicial referente ao rompimento da barragem do Fundão"".";"0";""
"2349331-2";"https://dadosabertos.camara.leg.br/api/v2/votacoes/2349331-2";"2023-02-28";"2023-02-28T15:41:14";"539407";"https://dadosabertos.camara.leg.br/api/v2/orgaos/539407";"CEXMABRU";"67120";"https://dadosabertos.camara.leg.br/api/v2/eventos/67120";"1";"0";"0";"0";"Aprovado.";"";"";"";"Apresentação do Requerimento para realização ou participação em Seminário ou outros Eventos n. 4/2023, pelo Deputado Helder Salomão (PT/ES -Fdr PT-PCdoB-PV), que ""Requer a realização de Mesa Redonda  para discutir Assessoria dos Atingidos, PEAB e repactuação, com a participação: - Associação de Desenvolvimento Agrícola Interestadual – ADAI- Casa Civil da Presidência da República - Advocacia Geral da União - Conselho Nacional de Justiça - Justiça Federal - Defensoria Pública do Espírito Santo - Movimento dos Atingidos por Barragens – MAB - Movimento dos Trabalhadores Sem Terra - MST - Ministério Público Federal - Ministério Público do Espírito Santo"".";"0";""
"2349333-2";"https://dadosabertos.camara.leg.br/api/v2/votacoes/2349333-2";"2023-02-28";"2023-02-28T15:41:22";"539407";"https://dadosabertos.camara.leg.br/api/v2/orgaos/539407";"CEXMABRU";"67120";"https://dadosabertos.camara.leg.br/api/v2/eventos/67120";"1";"0";"0";"0";"Aprovado.";"";"";"";"Apresentação do Requerimento de Audiência Pública n. 5/2023, pelo Deputado Helder Salomão (PT/ES -Fdr PT-PCdoB-PV), que ""Requer a realização de audiência pública para discutir a situação da água nos Municípios localizados ao longo do Rio Doce, atingidos pela Lama do Rompimento da Barragem de Fundão em Mariana-MG, para ouvir  os seguintes participantes: - Ministério de Meio Ambiente
- Ministério da Saúde
- Secretaria de Saúde de Minas Gerais
- Secretaria de Saúde do Espírito Santo
- Defensoria Pública do Espírito Santo
- Defensoria Pública de Minas Gerais
- Movimento dos Atingidos por Barragens – MAB
- Movimento dos Trabalhadores Sem Terra - MST
- Ministério Público Federal
- Ministério Público do Espírito Santo
- Ministério Público de Minas Gerais
- Prefeitura Municipal de Governador Valadares-MG
- Prefeitura Municipal de Baixo Guandu - ES
- Prefeitura Municipal de Colatina - ES"".";"0";""
"2349334-2";"https://dadosabertos.camara.leg.br/api/v2/votacoes/2349334-2";"2023-02-28";"2023-02-28T15:41:49";"539407";"https://dadosabertos.camara.leg.br/api/v2/orgaos/539407";"CEXMABRU";"67120";"https://dadosabertos.camara.leg.br/api/v2/eventos/67120";"1";"0";"0";"0";"Aprovado.";"";"";"";"Apresentação do Requerimento de Audiência Pública n. 6/2023, pelo Deputado Helder Salomão (PT/ES -Fdr PT-PCdoB-PV), que ""Requer a realização de audiência pública para discutir a situação de crianças e adolescentes das comunidades ao longo do Rio Doce, atingidos pela Lama do Rompimento da Barragem de Fundão em Mariana-MG, com os seguintes participantes: - Ministério de Direitos Humanos- Ministério da Saúde - Ministério da Educação - Secretaria de Saúde de Minas Gerais - Secretaria de Saúde do Espírito Santo - Secretaria de Educação do Espírito Santo - Secretaria de Educação de Minas Gerais - Defensoria Pública do Espírito Santo - Defensoria Pública de Minas Gerais - Movimento dos Atingidos por Barragens – MAB - Movimento dos Trabalhadores Sem Terra - MST - Ministério Público Federal - Ministério Público do Espírito Santo - Ministério Público de Minas Gerais - Defensoria Pública da União.
 "".";"0";""
"2349335-2";"https://dadosabertos.camara.leg.br/api/v2/votacoes/2349335-2";"2023-02-28";"2023-02-28T15:42:36";"539407";"https://dadosabertos.camara.leg.br/api/v2/orgaos/539407";"CEXMABRU";"67120";"https://dadosabertos.camara.leg.br/api/v2/eventos/67120";"1";"0";"0";"0";"Aprovado.";"";"";"";"Apresentação do Requerimento de Audiência Pública n. 7/2023, pelo Deputado Helder Salomão (PT/ES -Fdr PT-PCdoB-PV), que ""Requer a realização de audiência pública para discutir a situação dos esportistas aquáticos localizados na foz do Rio Doce, atingidos pela Lama do Rompimento da Barragem de Fundão em Mariana-MG, com a participação dos  seguintes convicados:  Ministério do Esporte - Ministério do Turismo - Defensoria Pública do Espírito Santo - Movimento dos Atingidos por Barragens – MAB - Ministério Público Federal - Ministério  Público do Espírito Santo - Defensoria Pública da União - Representação da Associação de Surf de Regência - ASR - Associação Comercial da Vila de Regência"".";"0";""
"2349337-4";"https://dadosabertos.camara.leg.br/api/v2/votacoes/2349337-4";"2023-02-28";"2023-02-28T15:52:45";"539407";"https://dadosabertos.camara.leg.br/api/v2/orgaos/539407";"CEXMABRU";"67120";"https://dadosabertos.camara.leg.br/api/v2/eventos/67120";"1";"0";"0";"0";"Aprovado, com  visitas sugeridas pelo Dep. Padre João";"";"";"";"Apresentação do Requerimento de Audiência Pública n. 8/2023, pelo Deputado Helder Salomão (PT/ES -Fdr PT-PCdoB-PV), que ""Requer a realização de audiência pública para discutir a situação das mulheres nos municípios localizados ao Longo da Bacia do Rio Doce, atingido pela Lama do Rompimento da Barragem de Fundão em Mariana-MG, com a seguinte participação: - Ministério da Mulher - Ministério da Igualdade Racial  - Ministério da Pesca - Defensoria Pública do Espírito Santo - Defensoria Pública de Minas Gerais - Movimento dos Atingidos por Barragens – MAB - Movimento dos Trabalhadores Sem Terra - MST - Ministério Público Federal - Ministério Público do Espírito Santo - Ministério Público de Minas Gerais - Defensoria Pùblica da União - Representação de Artesãs da Bacia do Rio Doce  - Representantes de Marisqueiras e Pescadoras do Rio Doce "".";"0";""
"2349357-2";"https://dadosabertos.camara.leg.br/api/v2/votacoes/2349357-2";"2023-02-28";"2023-02-28T15:56:00";"539407";"https://dadosabertos.camara.leg.br/api/v2/orgaos/539407";"CEXMABRU";"67120";"https://dadosabertos.camara.leg.br/api/v2/eventos/67120";"1";"0";"0";"0";"Aprovado, subscrito pelo Dep. Helder Salomão.";"";"";"";"Apresentação do Requerimento para realização ou participação em Seminário ou outros Eventos n. 9/2023, pelo Deputado Padre João (PT/MG -Fdr PT-PCdoB-PV), que ""
Requer a realização de diligências nas Barragens que estão em alto risco de acidente e impacto
"".";"0";""
"2349358-3";"https://dadosabertos.camara.leg.br/api/v2/votacoes/2349358-3";"2023-02-28";"2023-02-28T15:58:08";"539407";"https://dadosabertos.camara.leg.br/api/v2/orgaos/539407";"CEXMABRU";"67120";"https://dadosabertos.camara.leg.br/api/v2/eventos/67120";"1";"0";"0";"0";"Aprovado.";"";"";"";"Apresentação do Requerimento de Audiência Pública n. 10/2023, pelo Deputado Padre João (PT/MG -Fdr PT-PCdoB-PV), que ""Requer a realização de Audiência Publica sobre a situação dos pescadores profissionais artesanais, atingidos pelo rompimento da barragem da Samarco no município de Mariana, de MG e do ES, com a participação de: Benilde Madeira - liderança dos pescadores e da Comissão;  Lellis Barreiros - Pres. da colônia Z43 de Conselheiro Pena Flavia – Comissão dos atingidos;  Representante da Fundação Renova;  Representante do Ministro da Pesca e Aquicultura –MPA;  Representante do Ministério Público Federal – MPF;   Deputado Estadual Leleco PT/MG –ALMG; Senhora Vanessa Gaudereto - ex Superintendente Federal da Pesca e Aquicultura de Minas Gerais, na época do desastre"".";"0";""
"2336439-44";"https://dadosabertos.camara.leg.br/api/v2/votacoes/2336439-44";"2023-03-01";"2023-03-01T19:54:07";"180";"https://dadosabertos.camara.leg.br/api/v2/orgaos/180";"PLEN";"67134";"https://dadosabertos.camara.leg.br/api/v2/eventos/67134";"1";"0";"0";"0";"Aprovada a Redação Final assinada pelo relator, Dep. Yury do Paredão (PL-CE).";"2023-03-01T19:53:23";"Votação da Redação Final.";"2023-03-01T18:33:32";"Parecer proferido em Plenário pelo Dep. Yury do Paredão (PL-CE), pela Comissão Mista do Congresso Nacional, que conclui pelo atendimento dos pressupostos constitucionais de relevância e urgência da Medida Provisória nº 1.139, de 2022; pela constitucionalidade, juridicidade e boa técnica legislativa da Medida Provisória nº 1.139, de 2022, e das Emendas a ela apresentadas perante a Comissão Mista, com a ressalva das Emendas nºs 4, 7 e 16, consideradas inconstitucionais; pela compatibilidade e adequação financeira e orçamentária da Medida Provisória nº 1.139, de 2022, e das Emendas apresentadas perante a Comissão Mista; e, no mérito, pela aprovação da Medida Provisória nº 1.139, de 2022, na forma do Projeto de Lei de Conversão, pela aprovação parcial das Emendas nºs 1, 2, 3, 5, 6, 8, 9, 10, 11, 12, 13, 14 e 15 apresentadas perante a Comissão Mista e pela rejeição das demais Emendas apresentadas perante a Comissão Mista.";"2349751";"https://dadosabertos.camara.leg.br/api/v2/proposicoes/2349751"
"2336439-37";"https://dadosabertos.camara.leg.br/api/v2/votacoes/2336439-37";"2023-03-01";"2023-03-01T19:46:54";"180";"https://dadosabertos.camara.leg.br/api/v2/orgaos/180";"PLEN";"67134";"https://dadosabertos.camara.leg.br/api/v2/eventos/67134";"1";"0";"0";"0";"Aprovado, em apreciação preliminar, o Parecer da Comissão Mista, na parte em que manifesta opinião favorável quanto ao atendimento dos pressupostos constitucionais de relevância e urgência e à adequação financeira e orçamentária, nos termos do artigo 8º da Resolução nº 01, de 2002-CN.";"2023-03-01T19:46:45";"Votação preliminar em turno único.";"2023-03-01T18:33:32";"Parecer proferido em Plenário pelo Dep. Yury do Paredão (PL-CE), pela Comissão Mista do Congresso Nacional, que conclui pelo atendimento dos pressupostos constitucionais de relevância e urgência da Medida Provisória nº 1.139, de 2022; pela constitucionalidade, juridicidade e boa técnica legislativa da Medida Provisória nº 1.139, de 2022, e das Emendas a ela apresentadas perante a Comissão Mista, com a ressalva das Emendas nºs 4, 7 e 16, consideradas inconstitucionais; pela compatibilidade e adequação financeira e orçamentária da Medida Provisória nº 1.139, de 2022, e das Emendas apresentadas perante a Comissão Mista; e, no mérito, pela aprovação da Medida Provisória nº 1.139, de 2022, na forma do Projeto de Lei de Conversão, pela aprovação parcial das Emendas nºs 1, 2, 3, 5, 6, 8, 9, 10, 11, 12, 13, 14 e 15 apresentadas perante a Comissão Mista e pela rejeição das demais Emendas apresentadas perante a Comissão Mista.";"2349751";"https://dadosabertos.camara.leg.br/api/v2/proposicoes/2349751"
"2336439-38";"https://dadosabertos.camara.leg.br/api/v2/votacoes/2336439-38";"2023-03-01";"2023-03-01T19:47:02";"180";"https://dadosabertos.camara.leg.br/api/v2/orgaos/180";"PLEN";"67134";"https://dadosabertos.camara.leg.br/api/v2/eventos/67134";"1";"0";"0";"0";"Aprovado, em apreciação preliminar, o Parecer da Comissão Mista, na parte em que manifesta opinião pelo não atendimento dos pressupostos constitucionais de relevância e urgência e pela inadequação financeira e orçamentária, nos termos do artigo 8º da Resolução nº 01, de 2002-CN.";"2023-03-01T19:46:45";"Votação preliminar em turno único.";"2023-03-01T18:33:32";"Parecer proferido em Plenário pelo Dep. Yury do Paredão (PL-CE), pela Comissão Mista do Congresso Nacional, que conclui pelo atendimento dos pressupostos constitucionais de relevância e urgência da Medida Provisória nº 1.139, de 2022; pela constitucionalidade, juridicidade e boa técnica legislativa da Medida Provisória nº 1.139, de 2022, e das Emendas a ela apresentadas perante a Comissão Mista, com a ressalva das Emendas nºs 4, 7 e 16, consideradas inconstitucionais; pela compatibilidade e adequação financeira e orçamentária da Medida Provisória nº 1.139, de 2022, e das Emendas apresentadas perante a Comissão Mista; e, no mérito, pela aprovação da Medida Provisória nº 1.139, de 2022, na forma do Projeto de Lei de Conversão, pela aprovação parcial das Emendas nºs 1, 2, 3, 5, 6, 8, 9, 10, 11, 12, 13, 14 e 15 apresentadas perante a Comissão Mista e pela rejeição das demais Emendas apresentadas perante a Comissão Mista.";"2349751";"https://dadosabertos.camara.leg.br/api/v2/proposicoes/2349751"
"2336439-42";"https://dadosabertos.camara.leg.br/api/v2/votacoes/2336439-42";"2023-03-01";"2023-03-01T19:52:46";"180";"https://dadosabertos.camara.leg.br/api/v2/orgaos/180";"PLEN";"67134";"https://dadosabertos.camara.leg.br/api/v2/eventos/67134";"1";"0";"0";"0";"Aprovada a Medida Provisória nº 1.139 de 2022, na forma do Projeto de Lei de Conversão.";"2023-03-01T19:47:15";"Votação, quanto ao mérito, em turno único.";"2023-03-01T18:33:32";"Parecer proferido em Plenário pelo Dep. Yury do Paredão (PL-CE), pela Comissão Mista do Congresso Nacional, que conclui pelo atendimento dos pressupostos constitucionais de relevância e urgência da Medida Provisória nº 1.139, de 2022; pela constitucionalidade, juridicidade e boa técnica legislativa da Medida Provisória nº 1.139, de 2022, e das Emendas a ela apresentadas perante a Comissão Mista, com a ressalva das Emendas nºs 4, 7 e 16, consideradas inconstitucionais; pela compatibilidade e adequação financeira e orçamentária da Medida Provisória nº 1.139, de 2022, e das Emendas apresentadas perante a Comissão Mista; e, no mérito, pela aprovação da Medida Provisória nº 1.139, de 2022, na forma do Projeto de Lei de Conversão, pela aprovação parcial das Emendas nºs 1, 2, 3, 5, 6, 8, 9, 10, 11, 12, 13, 14 e 15 apresentadas perante a Comissão Mista e pela rejeição das demais Emendas apresentadas perante a Comissão Mista.";"2349751";"https://dadosabertos.camara.leg.br/api/v2/proposicoes/2349751"
"2283555-67";"https://dadosabertos.camara.leg.br/api/v2/votacoes/2283555-67";"2023-03-02";"2023-03-02T11:57:26";"180";"https://dadosabertos.camara.leg.br/api/v2/orgaos/180";"PLEN";"67169";"https://dadosabertos.camara.leg.br/api/v2/eventos/67169";"1";"0";"0";"0";"Aprovada a Redação Final assinada pela relatora Dep. Luisa Canziani (PSD-PR).";"2023-03-02T11:57:08";"Votação da Redação Final.";"2023-03-02T11:26:25";"Parecer proferido em Plenário pela Relatora, Dep. Luisa Canziani (PSD-PR), pela Comissão de Constituição e Justiça e de Cidadania, que conclui pela constitucionalidade, juridicidade e técnica legislativa do Projeto de Lei nº 1.883, de 2021, principal, do Projeto de Lei nº 2.589, de 2021, apensado, do Substitutivo da Comissão de Defesa dos Direitos da Mulher e do Substitutivo adotado pela relatora da Comissão de Finanças e Tributação.";"2349815";"https://dadosabertos.camara.leg.br/api/v2/proposicoes/2349815"
"2283555-64";"https://dadosabertos.camara.leg.br/api/v2/votacoes/2283555-64";"2023-03-02";"2023-03-02T11:56:05";"180";"https://dadosabertos.camara.leg.br/api/v2/orgaos/180";"PLEN";"67169";"https://dadosabertos.camara.leg.br/api/v2/eventos/67169";"1";"0";"0";"0";"Aprovado o Substitutivo ao Projeto de Lei nº 1.883, de 2021, adotado pela relatora da Comissão de Finanças e Tributação.";"2023-03-02T11:36:35";"Votação em turno único.";"2023-03-02T11:26:25";"Parecer proferido em Plenário pela Relatora, Dep. Luisa Canziani (PSD-PR), pela Comissão de Constituição e Justiça e de Cidadania, que conclui pela constitucionalidade, juridicidade e técnica legislativa do Projeto de Lei nº 1.883, de 2021, principal, do Projeto de Lei nº 2.589, de 2021, apensado, do Substitutivo da Comissão de Defesa dos Direitos da Mulher e do Substitutivo adotado pela relatora da Comissão de Finanças e Tributação.";"2349815";"https://dadosabertos.camara.leg.br/api/v2/proposicoes/2349815"
"2313886-55";"https://dadosabertos.camara.leg.br/api/v2/votacoes/2313886-55";"2023-03-07";"2023-03-07T18:56:45";"180";"https://dadosabertos.camara.leg.br/api/v2/orgaos/180";"PLEN";"67185";"https://dadosabertos.camara.leg.br/api/v2/eventos/67185";"1";"0";"0";"0";"Aprovada a Redação Final assinada pela relatora Dep. Bia Kicis (PL-DF).";"2023-03-07T18:56:22";"Votação da Redação Final.";"2023-03-07T18:31:19";"Parecer proferido em Plenário pela relatora, Dep. Bia Kicis (PL-DF), pela Comissão de Constituição e Justiça e de Cidadania, que conclui pela constitucionalidade, juridicidade e boa técnica legislativa do Projeto de Lei nº 81, de 2022, principal, e dos apensados, na forma do Substitutivo adotado pela relatora da Comissão de Saúde.";"2350394";"https://dadosabertos.camara.leg.br/api/v2/proposicoes/2350394"
"2336440-46";"https://dadosabertos.camara.leg.br/api/v2/votacoes/2336440-46";"2023-03-07";"2023-03-07T20:01:00";"180";"https://dadosabertos.camara.leg.br/api/v2/orgaos/180";"PLEN";"67185";"https://dadosabertos.camara.leg.br/api/v2/eventos/67185";"1";"0";"0";"0";"Aprovada a Redação Final assinada pela relatora, Dep. Alice Portugal (PCdoB-BA).";"2023-03-07T20:00:52";"Votação da Redação Final.";"2023-03-07T19:41:05";"Parecer proferido em Plenário pela Relatora, Dep. Alice Portugal (PCdoB-BA), pela Comissão Mista do Congresso Nacional, que conclui pelo atendimento dos pressupostos constitucionais de relevância e urgência da Medida Provisória nº 1.140, de 2022; pela constitucionalidade, juridicidade e boa técnica legislativa da Medida Provisória nº 1.140, de 2022, e das Emendas de nº 1 a 4 e 6 a 19 a ela apresentadas perante a Comissão Mista; pela inconstitucionalidade, injuridicidade e boa técnica legislativa da Emenda nº 5 apresentada à Medida Provisória nº 1.140, de 2022, perante a Comissão Mista; pela não implicação em aumento ou diminuição da receita ou da despesa públicas da Medida Provisória nº 1.140, de 2022, não cabendo pronunciamento quanto à sua adequação financeira e orçamentária; pela não implicação em aumento ou diminuição da receita ou da despesa públicas das Emendas nos 1 a 8 e 10 a 19, não cabendo pronunciamento quanto à adequação financeira e orçamentária; pela incompatibilidade e inadequação orçamentária e financeira da Emenda nº 9; e, no mérito, pela aprovação da Medida Provisória nº 1.140, de 2022, e das Emendas nº 1, 2, 4 e 8, acolhidas parcialmente, das Emendas nº 11, 14 e 17, na forma do projeto de lei de conversão, e pela rejeição das demais emendas apresentadas perante a Comissão Mista.";"2350418";"https://dadosabertos.camara.leg.br/api/v2/proposicoes/2350418"
"2348263-6";"https://dadosabertos.camara.leg.br/api/v2/votacoes/2348263-6";"2023-03-07";"2023-03-07T18:11:12";"180";"https://dadosabertos.camara.leg.br/api/v2/orgaos/180";"PLEN";"67185";"https://dadosabertos.camara.leg.br/api/v2/eventos/67185";"1";"0";"0";"0";"Aprovado o Requerimento para criação de Comissão Externa Destinada a Acompanhar e Monitorar a Conclusão das Obras Públicas Paralisadas e Inacabadas no País.";"";"";"";"Apresentação do Requerimento de Constituição de Comissão Externa n. 107/2023, pela Deputada Flávia Morais (PDT/GO), que ""Requer a criação de Comissão Externa Destinada a Acompanhar e Monitorar a Conclusão das Obras Públicas Paralisadas e Inacabadas no País"".";"0";""
"2313886-47";"https://dadosabertos.camara.leg.br/api/v2/votacoes/2313886-47";"2023-03-07";"2023-03-07T18:32:50";"180";"https://dadosabertos.camara.leg.br/api/v2/orgaos/180";"PLEN";"67185";"https://dadosabertos.camara.leg.br/api/v2/eventos/67185";"0";"0";"0";"0";"Rejeitado o requerimento de votação nominal do requerimento de retirada de pauta.";"";"";"";"Apresentação do Projeto de Lei n. 81/2022, pelo Deputado Julio Cesar Ribeiro  (REPUBLIC/DF), que ""Dispõe sobre o direito de toda mulher a ter acompanhante, pessoa de sua livre escolha, nas consultas e exames, inclusive os ginecológicos, nos estabelecimentos públicos e privados"".";"0";""
"2313886-52";"https://dadosabertos.camara.leg.br/api/v2/votacoes/2313886-52";"2023-03-07";"2023-03-07T18:55:46";"180";"https://dadosabertos.camara.leg.br/api/v2/orgaos/180";"PLEN";"67185";"https://dadosabertos.camara.leg.br/api/v2/eventos/67185";"1";"0";"0";"0";"Aprovado o Substitutivo ao Projeto de Lei nº 81, de 2022, adotado pela relatora da Comissão de Saúde.";"2023-03-07T18:54:59";"Votação em turno único.";"2023-03-07T18:31:19";"Parecer proferido em Plenário pela relatora, Dep. Bia Kicis (PL-DF), pela Comissão de Constituição e Justiça e de Cidadania, que conclui pela constitucionalidade, juridicidade e boa técnica legislativa do Projeto de Lei nº 81, de 2022, principal, e dos apensados, na forma do Substitutivo adotado pela relatora da Comissão de Saúde.";"2350394";"https://dadosabertos.camara.leg.br/api/v2/proposicoes/2350394"
"2336440-41";"https://dadosabertos.camara.leg.br/api/v2/votacoes/2336440-41";"2023-03-07";"2023-03-07T19:59:12";"180";"https://dadosabertos.camara.leg.br/api/v2/orgaos/180";"PLEN";"67185";"https://dadosabertos.camara.leg.br/api/v2/eventos/67185";"1";"0";"0";"0";"Aprovado, em apreciação preliminar, o Parecer da Comissão Mista, na parte em que manifesta opinião favorável quanto ao atendimento dos pressupostos constitucionais de relevância e urgência e à adequação financeira e orçamentária, nos termos do artigo 8º da Resolução nº 01, de 2002-CN.";"2023-03-07T19:59:01";"Votação preliminar em turno único.";"2023-03-07T19:41:05";"Parecer proferido em Plenário pela Relatora, Dep. Alice Portugal (PCdoB-BA), pela Comissão Mista do Congresso Nacional, que conclui pelo atendimento dos pressupostos constitucionais de relevância e urgência da Medida Provisória nº 1.140, de 2022; pela constitucionalidade, juridicidade e boa técnica legislativa da Medida Provisória nº 1.140, de 2022, e das Emendas de nº 1 a 4 e 6 a 19 a ela apresentadas perante a Comissão Mista; pela inconstitucionalidade, injuridicidade e boa técnica legislativa da Emenda nº 5 apresentada à Medida Provisória nº 1.140, de 2022, perante a Comissão Mista; pela não implicação em aumento ou diminuição da receita ou da despesa públicas da Medida Provisória nº 1.140, de 2022, não cabendo pronunciamento quanto à sua adequação financeira e orçamentária; pela não implicação em aumento ou diminuição da receita ou da despesa públicas das Emendas nos 1 a 8 e 10 a 19, não cabendo pronunciamento quanto à adequação financeira e orçamentária; pela incompatibilidade e inadequação orçamentária e financeira da Emenda nº 9; e, no mérito, pela aprovação da Medida Provisória nº 1.140, de 2022, e das Emendas nº 1, 2, 4 e 8, acolhidas parcialmente, das Emendas nº 11, 14 e 17, na forma do projeto de lei de conversão, e pela rejeição das demais emendas apresentadas perante a Comissão Mista.";"2350418";"https://dadosabertos.camara.leg.br/api/v2/proposicoes/2350418"
"2336440-42";"https://dadosabertos.camara.leg.br/api/v2/votacoes/2336440-42";"2023-03-07";"2023-03-07T19:59:41";"180";"https://dadosabertos.camara.leg.br/api/v2/orgaos/180";"PLEN";"67185";"https://dadosabertos.camara.leg.br/api/v2/eventos/67185";"1";"0";"0";"0";"Aprovado, em apreciação preliminar, o Parecer da Comissão Mista, na parte em que manifesta opinião pelo não atendimento dos pressupostos constitucionais de relevância e urgência e pela inadequação financeira e orçamentária, nos termos do artigo 8º da Resolução nº 01, de 2002-CN.";"2023-03-07T19:59:01";"Votação preliminar em turno único.";"2023-03-07T19:41:05";"Parecer proferido em Plenário pela Relatora, Dep. Alice Portugal (PCdoB-BA), pela Comissão Mista do Congresso Nacional, que conclui pelo atendimento dos pressupostos constitucionais de relevância e urgência da Medida Provisória nº 1.140, de 2022; pela constitucionalidade, juridicidade e boa técnica legislativa da Medida Provisória nº 1.140, de 2022, e das Emendas de nº 1 a 4 e 6 a 19 a ela apresentadas perante a Comissão Mista; pela inconstitucionalidade, injuridicidade e boa técnica legislativa da Emenda nº 5 apresentada à Medida Provisória nº 1.140, de 2022, perante a Comissão Mista; pela não implicação em aumento ou diminuição da receita ou da despesa públicas da Medida Provisória nº 1.140, de 2022, não cabendo pronunciamento quanto à sua adequação financeira e orçamentária; pela não implicação em aumento ou diminuição da receita ou da despesa públicas das Emendas nos 1 a 8 e 10 a 19, não cabendo pronunciamento quanto à adequação financeira e orçamentária; pela incompatibilidade e inadequação orçamentária e financeira da Emenda nº 9; e, no mérito, pela aprovação da Medida Provisória nº 1.140, de 2022, e das Emendas nº 1, 2, 4 e 8, acolhidas parcialmente, das Emendas nº 11, 14 e 17, na forma do projeto de lei de conversão, e pela rejeição das demais emendas apresentadas perante a Comissão Mista.";"2350418";"https://dadosabertos.camara.leg.br/api/v2/proposicoes/2350418"
"2336440-44";"https://dadosabertos.camara.leg.br/api/v2/votacoes/2336440-44";"2023-03-07";"2023-03-07T20:00:19";"180";"https://dadosabertos.camara.leg.br/api/v2/orgaos/180";"PLEN";"67185";"https://dadosabertos.camara.leg.br/api/v2/eventos/67185";"1";"0";"0";"0";"Aprovada a Medida Provisória nº 1.140 de 2022, na forma do Projeto de Lei de Conversão.";"2023-03-07T19:59:50";"Votação, quanto ao mérito, em turno único.";"2023-03-07T19:41:05";"Parecer proferido em Plenário pela Relatora, Dep. Alice Portugal (PCdoB-BA), pela Comissão Mista do Congresso Nacional, que conclui pelo atendimento dos pressupostos constitucionais de relevância e urgência da Medida Provisória nº 1.140, de 2022; pela constitucionalidade, juridicidade e boa técnica legislativa da Medida Provisória nº 1.140, de 2022, e das Emendas de nº 1 a 4 e 6 a 19 a ela apresentadas perante a Comissão Mista; pela inconstitucionalidade, injuridicidade e boa técnica legislativa da Emenda nº 5 apresentada à Medida Provisória nº 1.140, de 2022, perante a Comissão Mista; pela não implicação em aumento ou diminuição da receita ou da despesa públicas da Medida Provisória nº 1.140, de 2022, não cabendo pronunciamento quanto à sua adequação financeira e orçamentária; pela não implicação em aumento ou diminuição da receita ou da despesa públicas das Emendas nos 1 a 8 e 10 a 19, não cabendo pronunciamento quanto à adequação financeira e orçamentária; pela incompatibilidade e inadequação orçamentária e financeira da Emenda nº 9; e, no mérito, pela aprovação da Medida Provisória nº 1.140, de 2022, e das Emendas nº 1, 2, 4 e 8, acolhidas parcialmente, das Emendas nº 11, 14 e 17, na forma do projeto de lei de conversão, e pela rejeição das demais emendas apresentadas perante a Comissão Mista.";"2350418";"https://dadosabertos.camara.leg.br/api/v2/proposicoes/2350418"
"2349505-2";"https://dadosabertos.camara.leg.br/api/v2/votacoes/2349505-2";"2023-03-07";"2023-03-07T16:00:34";"539407";"https://dadosabertos.camara.leg.br/api/v2/orgaos/539407";"CEXMABRU";"67177";"https://dadosabertos.camara.leg.br/api/v2/eventos/67177";"1";"0";"0";"0";"Aprovado.";"";"";"";"Apresentação do Requerimento para realização ou participação em Seminário ou outros Eventos n. 11/2023, pelo Deputado Pedro Aihara (PATRIOTA/MG), que ""Requer a realização de reunião com a Agência Nacional de Mineração – ANM para tratar sobre a legislação da segurança de barragens"".";"0";""
"2349525-2";"https://dadosabertos.camara.leg.br/api/v2/votacoes/2349525-2";"2023-03-07";"2023-03-07T16:01:41";"539407";"https://dadosabertos.camara.leg.br/api/v2/orgaos/539407";"CEXMABRU";"67177";"https://dadosabertos.camara.leg.br/api/v2/eventos/67177";"1";"0";"0";"0";"Aprovado.";"";"";"";"Apresentação do Requerimento para realização ou participação em Seminário ou outros Eventos n. 12/2023, pelo Deputado Pedro Aihara (PATRIOTA/MG), que ""Requer a realização de reunião com o Governo do Estado de Minas Gerais para tratar sobre a legislação da segurança de barragens"".";"0";""
"2350114-2";"https://dadosabertos.camara.leg.br/api/v2/votacoes/2350114-2";"2023-03-07";"2023-03-07T16:01:48";"539407";"https://dadosabertos.camara.leg.br/api/v2/orgaos/539407";"CEXMABRU";"67177";"https://dadosabertos.camara.leg.br/api/v2/eventos/67177";"1";"0";"0";"0";"Aprovado.";"";"";"";"Apresentação do Requerimento para realização ou participação em Seminário ou outros Eventos n. 13/2023, pelo Deputado Evair Vieira de Melo (PP/ES), que ""Requer a realização de visita técnica, in loco, nos municípios do Estado do Espirito Santo que foram afetados pelo desastre da barragem da Samarco Mineração, ocorrido em 5 de novembro de 2015, no Município de Mariana/MG"".";"0";""
"2350116-2";"https://dadosabertos.camara.leg.br/api/v2/votacoes/2350116-2";"2023-03-07";"2023-03-07T16:01:56";"539407";"https://dadosabertos.camara.leg.br/api/v2/orgaos/539407";"CEXMABRU";"67177";"https://dadosabertos.camara.leg.br/api/v2/eventos/67177";"1";"0";"0";"0";"Aprovado.";"";"";"";"Apresentação do Requerimento de Audiência Pública n. 14/2023, pelo Deputado Rogério Correia (PT/MG -Fdr PT-PCdoB-PV), que ""Requer a realização de Audiência Pública para debater os impactos da proposta de Rodoanel como decorrência do acordo da Vale S.A com o governo de Minas Gerais"".";"0";""
"2350119-14";"https://dadosabertos.camara.leg.br/api/v2/votacoes/2350119-14";"2023-03-07";"2023-03-07T16:02:04";"539407";"https://dadosabertos.camara.leg.br/api/v2/orgaos/539407";"CEXMABRU";"67177";"https://dadosabertos.camara.leg.br/api/v2/eventos/67177";"1";"0";"0";"0";"Aprovado.";"";"";"";"Apresentação do Requerimento para realização ou participação em Seminário ou outros Eventos n. 15/2023, pelo Deputado Pedro Aihara (PATRIOTA-MG), que: ""Requer a realização de evento na cidade de Brumadinho - MG, para debater com a comunidade  as consequências atuais e as melhorias que devem ser feitas relativas ao rompimento da barragem da Mina Córrego do Feijão.
"".";"0";""
"2350122-2";"https://dadosabertos.camara.leg.br/api/v2/votacoes/2350122-2";"2023-03-07";"2023-03-07T16:02:13";"539407";"https://dadosabertos.camara.leg.br/api/v2/orgaos/539407";"CEXMABRU";"67177";"https://dadosabertos.camara.leg.br/api/v2/eventos/67177";"1";"0";"0";"0";"Aprovado.";"";"";"";"Apresentação do Requerimento para realização ou participação em Seminário ou outros Eventos n. 16/2023, pelo Deputado Pedro Aihara (PATRIOTA/MG), que ""Requer a realização de audiência pública para tratar da situação de Brumadinho - MG, Requer a realização de evento para tratar da situação de Brumadinho - MG,  para que possam ser debatida a situação da cidade de Brumadinho – MG, quatro anos após do rompimento da barragem da Mina Córrego do Feijão, da mineradora Vale, em 2019"".";"0";""
"2350115-2";"https://dadosabertos.camara.leg.br/api/v2/votacoes/2350115-2";"2023-03-07";"2023-03-07T16:02:21";"539407";"https://dadosabertos.camara.leg.br/api/v2/orgaos/539407";"CEXMABRU";"67177";"https://dadosabertos.camara.leg.br/api/v2/eventos/67177";"1";"0";"0";"0";"Aprovado.";"";"";"";"Apresentação do Requerimento (Outros) n. 1/2023, pela Deputada Célia Xakriabá (PSOL/MG -Fdr PSOL-REDE), que ""Requer que sejam solicitadas Informações aos Governos do Estado de Minas Geras e Espírito Santo, Defensoria Pública do Estado do Espírito Santo, Defensoria Pública do Estado de Minas Gerais, Defensoria Pública da União nos Estados do Espírito Santo e Minas Gerais, Ministério Público Estadual de Minas Gerais, Ministério Público Estadual do Espírito Santo, Ministério Público Federal nos Estados do Espírito Santos e Minas Gerais sobre o tratamento destinado aos Povos e Comunidades Tradicionais, no âmbito dos processos, judiciais ou não, de reparação dos danos decorrentes do rompimento das barragens B1 e Fundão, ocorridos, respectivamente em Brumadinho e Mariana - MG, especialmente no que se refere ao cumprimento da Convenção nº 169 da Organização Internacional do Trabalho"".";"0";""
"2349625-3";"https://dadosabertos.camara.leg.br/api/v2/votacoes/2349625-3";"2023-03-07";"2023-03-07T15:10:27";"539409";"https://dadosabertos.camara.leg.br/api/v2/orgaos/539409";"GTSTN";"67186";"https://dadosabertos.camara.leg.br/api/v2/eventos/67186";"1";"0";"0";"0";"Aprovado.";"";"";"";"Apresentação do Requerimento para realização ou participação em Seminário ou outros Eventos n. 21/2023, pelo Deputado Glaustin da Fokus (PSC/GO), que ""Requer a inclusão de especialista no Seminário para debater a reforma tributária na economia Brasileira a realizar-se no estado de Goiás. "".";"2350286";"https://dadosabertos.camara.leg.br/api/v2/proposicoes/2350286"
"2349639-2";"https://dadosabertos.camara.leg.br/api/v2/votacoes/2349639-2";"2023-03-07";"2023-03-07T15:14:29";"539409";"https://dadosabertos.camara.leg.br/api/v2/orgaos/539409";"GTSTN";"67186";"https://dadosabertos.camara.leg.br/api/v2/eventos/67186";"1";"0";"0";"0";"Aprovado o Requerimento com aditamento.";"2023-03-07T20:04:27";"O Deputado Sidney Leite aditou o Requerimento para incluir o CONFAZ - Conselho Nacional de Política Fazendária, entre os convidados para a Audiência Pública.";"";"Apresentação do Requerimento de Audiência Pública n. 2/2023, pelo Deputado Jonas Donizette (PSB-SP), que: ""Requer realização de Audiência Pública, no âmbito desse Grupo de Trabalho, a fim de debater a Proposta de Emenda Constitucional 45/19 que altera o Sistema Tributário Nacional e dá outras providências, com os seguintes convidados: CNM - Confederação Nacional de Municípios; FNP - Frente Nacional dos Prefeitos; e entidades municipalistas a nível nacional"".";"0";""
"2349648-2";"https://dadosabertos.camara.leg.br/api/v2/votacoes/2349648-2";"2023-03-07";"2023-03-07T15:16:40";"539409";"https://dadosabertos.camara.leg.br/api/v2/orgaos/539409";"GTSTN";"67186";"https://dadosabertos.camara.leg.br/api/v2/eventos/67186";"1";"0";"0";"0";"Aprovado.";"";"";"";"Apresentação do Requerimento para realização ou participação em Seminário ou outros Eventos n. 3/2023, pelo Deputado Mauro Benevides Filho (PDT/CE), que ""Requer a realização de Seminário no Estado do Ceará destinado a discutir a Proposta de Emenda Constitucional n. 45-A, de 2019, que trata da Reforma Tributária e demais sugestões (Proposta de Emenda Constitucional n. 110, de 2019) em busca do aperfeiçoamento do sistema tributário 
brasileiro"".";"0";""
"2349733-2";"https://dadosabertos.camara.leg.br/api/v2/votacoes/2349733-2";"2023-03-07";"2023-03-07T15:21:23";"539409";"https://dadosabertos.camara.leg.br/api/v2/orgaos/539409";"GTSTN";"67186";"https://dadosabertos.camara.leg.br/api/v2/eventos/67186";"1";"0";"0";"0";"Aprovado.";"2023-03-07T20:06:00";"Suscreveram o Requerimento os Deputados Adail Filho, Saullo Vianna e Newton Cardoso Jr.";"";"Apresentação do Requerimento para realização ou participação em Seminário ou outros Eventos n. 4/2023, pelo Deputado Sidney Leite (PSD/AM), que ""Requer seja aprovado o requerimento para Mesa Redonda a realizar-se em Manaus/AM, a fim de debater a proposta de alteração do Sistema Tributário Nacional com representantes dos setores da indústria, comércio e serviços. 
 
 "".";"0";""
"2349735-2";"https://dadosabertos.camara.leg.br/api/v2/votacoes/2349735-2";"2023-03-07";"2023-03-07T15:22:40";"539409";"https://dadosabertos.camara.leg.br/api/v2/orgaos/539409";"GTSTN";"67186";"https://dadosabertos.camara.leg.br/api/v2/eventos/67186";"1";"0";"0";"0";"Aprovado.";"";"";"";"Apresentação do Requerimento para realização ou participação em Seminário ou outros Eventos n. 5/2023, pelo Deputado Sidney Leite (PSD/AM), que ""Requer seja aprovado o requerimento para Mesa Redonda a realizar-se conforme agenda do Grupo de Trabalho da Reforma Tributária, no Estado do Ceará"".";"0";""
"2349737-2";"https://dadosabertos.camara.leg.br/api/v2/votacoes/2349737-2";"2023-03-07";"2023-03-07T15:29:57";"539409";"https://dadosabertos.camara.leg.br/api/v2/orgaos/539409";"GTSTN";"67186";"https://dadosabertos.camara.leg.br/api/v2/eventos/67186";"1";"0";"0";"0";"Aprovado o Requerimento com aditamento.";"2023-03-07T20:08:44";"O Deputado Reginaldo Lopes aditou o Requerimento para incluir visitas técnicas à FIESP, ao Governo e à Prefeitura de São Paulo.";"";"Apresentação do Requerimento para realização ou participação em Seminário ou outros Eventos n. 6/2023, pelo Deputado Sidney Leite (PSD/AM), que ""Requer seja aprovado o requerimento para realização de Mesa Redonda a realizar-se conforme agenda do Grupo de Trabalho da Reforma Tributária, no Estado de São Paulo"".";"0";""
"2350065-2";"https://dadosabertos.camara.leg.br/api/v2/votacoes/2350065-2";"2023-03-07";"2023-03-07T15:31:09";"539409";"https://dadosabertos.camara.leg.br/api/v2/orgaos/539409";"GTSTN";"67186";"https://dadosabertos.camara.leg.br/api/v2/eventos/67186";"1";"0";"0";"0";"Aprovado.";"";"";"";"Apresentação do Requerimento n. 7/2023, pelo Deputado Saullo Vianna (UNIÃO/AM) e outros, que ""Pedido de visita técnica ao Polo Industrial de Manaus"".";"0";""
"2350066-2";"https://dadosabertos.camara.leg.br/api/v2/votacoes/2350066-2";"2023-03-07";"2023-03-07T15:44:56";"539409";"https://dadosabertos.camara.leg.br/api/v2/orgaos/539409";"GTSTN";"67186";"https://dadosabertos.camara.leg.br/api/v2/eventos/67186";"1";"0";"0";"0";"Aprovado o Requerimento com aditamento.";"2023-03-07T20:19:03";"O Deputado Vitor Lippi aditou o Requerimento para incluir a CEBRASSE - Central Brasileira do Setor de Serviços; a FENAINFO - Federação Nacional das Empresas de Informática; a ASSESPRO - Associação das Empresas Brasileiras de Tecnologia da Informação; a ABIMAQ - Associação Brasileira da Indústria de Máquinas e Equipamentos; a ABINEE - Associação Brasileira da Indústria Elétrica e Eletrônica; e a CONEXIS - Sindicato Nacional das Empresas de Telefonia e de Serviço Móvel, Celular e Pessoal entre os convidados para a Audiência Pública.";"";"Apresentação do Requerimento de Audiência Pública n. 8/2023, pelo Deputado Sidney Leite (PSD-AM), que: ""Requer a realização de audiência pública ( Setores do Comércio e de Serviço) no âmbito do Grupo de Trabalho da Reforma Tributária, com os seguintes convidados: Representante da Associação das Empresas de Tecnologia da Informação e Comunicação (TIC) e de Tecnologias Digitais, - BRASSCOM; Representante da Confederação Nacional do Comércio – CNC; Representante da Confederação Nacional dos Dirigentes Logistas - CNDL; Representante da Associação Brasileira de Bares e Restaurantes - ABRASEL; Representante da Confederação das Associações Comerciais do Brasil - CACB; Representante da AFRAC - Associação Brasileira de Tecnologia para o Comércio e Serviços; Representante da Asssociação Nacional dos Comerciantes de Material de Construção - ANAMACO; Representante da Associação Brasileira de Supermercados - ABRAS; e Representante da Associação Brasileira de Atacadistas e Distribuidores -ABAD"".";"0";""
"2350067-2";"https://dadosabertos.camara.leg.br/api/v2/votacoes/2350067-2";"2023-03-07";"2023-03-07T15:45:15";"539409";"https://dadosabertos.camara.leg.br/api/v2/orgaos/539409";"GTSTN";"67186";"https://dadosabertos.camara.leg.br/api/v2/eventos/67186";"1";"0";"0";"0";"Aprovado o Requerimento com aditamento.";"2023-03-07T20:21:24";"O Deputado Sidney Leite aditou o Requerimento para incluir o Senhor Luiz Gustavo Bichara, no tema Economia, e o Senhor Marcos Aurélio Valadão, no tema Melhores Práticas Internacionais de Tributação sobre Consumo, ambos da OAB Nacional.";"";"Apresentação do Requerimento de Audiência Pública n. 9/2023, pelo Deputado Sidney Leite (PSD/AM), que ""Requer a realização de audiências públicas destinadas a debater o Sistema Tributário Nacional no Grupo de Trabalho sobre Reforma Tributária"".";"0";""
"2350092-2";"https://dadosabertos.camara.leg.br/api/v2/votacoes/2350092-2";"2023-03-07";"2023-03-07T15:52:25";"539409";"https://dadosabertos.camara.leg.br/api/v2/orgaos/539409";"GTSTN";"67186";"https://dadosabertos.camara.leg.br/api/v2/eventos/67186";"1";"0";"0";"0";"Aprovado o Requerimento com aditamento.";"2023-03-07T20:30:21";"O Deputado Aguinaldo Ribeiro, Relator, aditou o Requerimento para incluir Seminário no Estado da Paraíba.";"";"Apresentação do Requerimento para realização ou participação em Seminário ou outros Eventos n. 10/2023, pelo Deputado Newton Cardoso Jr (MDB-MG), que: ""Requer a realização de um seminário, no Estado de Minas Gerais, para debater sobre a proposta de Emenda à Constituição nº 45-A, de 2019, que altera o sistema tributário Nacional e outras providências (PEC 45/2019)"".";"0";""
"2350113-2";"https://dadosabertos.camara.leg.br/api/v2/votacoes/2350113-2";"2023-03-07";"2023-03-07T16:04:11";"539409";"https://dadosabertos.camara.leg.br/api/v2/orgaos/539409";"GTSTN";"67186";"https://dadosabertos.camara.leg.br/api/v2/eventos/67186";"1";"0";"0";"0";"Aprovado o Requerimento com aditamento.";"2023-03-07T20:34:23";"O Deputado Newton Cardoso Jr. aditou o Requerimento para incluir o professor da UFMG - Universidade Federal de Minas Gerais, André Mendes Moreira; e a AEB - Associação de Comércio Exterior do Brasil, entre os convidados para as Audiências Públicas do Grupo de Trabalho.";"";"Apresentação do Requerimento de Audiência Pública n. 12/2023, pelo Deputado Ivan Valente (PSOL/SP), que ""Requer inclusão de especialistas e entidades nas audiências já confirmadas, bem como a inclusão de novas audiências. "".";"0";""
"2350133-2";"https://dadosabertos.camara.leg.br/api/v2/votacoes/2350133-2";"2023-03-07";"2023-03-07T16:05:32";"539409";"https://dadosabertos.camara.leg.br/api/v2/orgaos/539409";"GTSTN";"67186";"https://dadosabertos.camara.leg.br/api/v2/eventos/67186";"1";"0";"0";"0";"Aprovado.";"";"";"";"Apresentação do Requerimento de Audiência Pública n. 13/2023, pelo Deputado Luiz Philippe de Orleans e Bragança (PL-SP), que: ""Requer que os elencados a seguir sejam convidados para Audiência Pública para debater o Sistema Tributário Nacional no respectivo Grupo de Trabalho: Deputada Bia Kicis - Relatora da PEC 7/2020 na Comissão Especial; Alberto Macedo - Coordenador do Simplifica Já; Jeferson Passos - Presidente da Associação Brasileira das Secretarias de Finanças das Capitais - ABRASF; Gilberto Alvarenga - Consultor Tributário da Confederação Nacional do Comércio - CNC; Rodrigo Antônio Dias - Advogado tributarista e membro do Conselho Jurídico do Secovi - SP; Luigi Nese - Presidente da Confederação Nacional de Serviços - CNS"".";"0";""
"2350134-2";"https://dadosabertos.camara.leg.br/api/v2/votacoes/2350134-2";"2023-03-07";"2023-03-07T16:07:41";"539409";"https://dadosabertos.camara.leg.br/api/v2/orgaos/539409";"GTSTN";"67186";"https://dadosabertos.camara.leg.br/api/v2/eventos/67186";"1";"0";"0";"0";"Aprovado.";"";"";"";"Apresentação do Requerimento de Audiência Pública n. 14/2023, pelo Deputado Luiz Philippe de Orleans e Bragança (PL-SP), que: ""Requer que os elencados a seguir sejam convidados para Audiência Pública para debater o Sistema Tributário Nacional no respectivo Grupo de Trabalho: Representante da Associação das Empresas de Tecnologia da Informação e Comunicação (TIC) e de Tecnologias Digitais, - BRASSCOM; Representante da Confederação Nacional do Comércio; Representante da Confederação Nacional dos Dirigentes Logistas - CNDL; Representante da Associação Brasileira de Bares e Restaurantes - ABRASEL; Representante da Confederação das Associações Comerciais do Brasil - CACB; Representante da AFRAC - Associação Brasileira de Tecnologia para o Comércio e Serviços; Representante da Associação Nacional dos Comerciantes de Material de Construção - ANAMACO; Representante da Associação Brasileira de Supermercados - ABRAS; Representante da Associação Brasileira de Atacadistas e Distribuidores - ABAD; e Representante do G100 - Associação Brasileira das Pequenas e Médias Cooperativas e empresas de laticínios"".";"0";""
"2350135-2";"https://dadosabertos.camara.leg.br/api/v2/votacoes/2350135-2";"2023-03-07";"2023-03-07T16:10:56";"539409";"https://dadosabertos.camara.leg.br/api/v2/orgaos/539409";"GTSTN";"67186";"https://dadosabertos.camara.leg.br/api/v2/eventos/67186";"1";"0";"0";"0";"Aprovado o Requerimento com aditamento.";"2023-03-07T20:52:58";"O Deputado Vitor Lippi aditou o Requerimento para incluir a Federação das Santas Casas; Associação Nacional dos Hospitais Privados; e a Organização das Cooperativas do Brasil entre os convidados para a Audiência Pública, e também o Professor Marcos Cintra e o Senhor Miguel Abuhab para as reunião administrativas do Grupo de Trabalho.";"";"Apresentação do Requerimento de Audiência Pública n. 15/2023, pelo Deputado Reginaldo Lopes (PT-MG), que: ""Requer a realização de audiência pública com o seguinte convidado: Rodrigo Keidel Spada, Presidente da FEBRAFITE - Associação Nacional das Associações de Fiscais de Tributos Estaduais"".";"0";""
"2350136-2";"https://dadosabertos.camara.leg.br/api/v2/votacoes/2350136-2";"2023-03-07";"2023-03-07T16:11:04";"539409";"https://dadosabertos.camara.leg.br/api/v2/orgaos/539409";"GTSTN";"67186";"https://dadosabertos.camara.leg.br/api/v2/eventos/67186";"1";"0";"0";"0";"Aprovado.";"";"";"";"Apresentação do Requerimento de Audiência Pública n. 16/2023, pelo Deputado Reginaldo Lopes (PT-MG), que: ""Requer a realização de Audiência Publica para discutir a Reforma sob a Perspectiva da Administração Tributária com o seguinte convidado: Vilson Antônio Romero, Presidente da Associação Nacional dos Auditores Fiscais da Receita Federal do Brasil (ANFIP)"".";"0";""
"258022-244";"https://dadosabertos.camara.leg.br/api/v2/votacoes/258022-244";"2023-03-08";"2023-03-08T18:48:12";"180";"https://dadosabertos.camara.leg.br/api/v2/orgaos/180";"PLEN";"67204";"https://dadosabertos.camara.leg.br/api/v2/eventos/67204";"1";"0";"0";"0";"Aprovado o Substitutivo do Senado Federal ao Projeto de Lei nº 3.796, de 2004, com exceção dos incisos II e III do § 2º do art. 1º, ressalvado o destaque.";"2023-03-08T18:47:21";"Votação do Substitutivo do Senado Federal ao Projeto de Lei nº 3.796, de 2004, com parecer pela aprovação, com exceção dos incisos II e III do § 2º do art. 1º, ressalvado o destaque.";"2017-06-20T18:46:46";"Apresentação do Requerimento de Urgência (Art. 155 do RICD) n. 6745/2017, pela Deputada Laura Carneiro (PMDB-RJ), que: ""Requer, nos termos do Art. 155 do Regimento Interno da Câmara dos Deputados, urgência para apreciação do Projeto de Lei nº 3.796, de 2004 de autoria da Deputada Laura Carneiro, que dispõe sobre a Política Nacional de Conscientização e Orientação sobre o LES - Lupus Eritematoso Sistêmico, e dá providências correlatas"".";"2141960";"https://dadosabertos.camara.leg.br/api/v2/proposicoes/2141960"
"258022-247";"https://dadosabertos.camara.leg.br/api/v2/votacoes/258022-247";"2023-03-08";"2023-03-08T18:50:51";"180";"https://dadosabertos.camara.leg.br/api/v2/orgaos/180";"PLEN";"67204";"https://dadosabertos.camara.leg.br/api/v2/eventos/67204";"";"0";"0";"0";"Suprimido o texto.";"2023-03-08T18:49:08";"Votação do DTQ 1: Bloco Federação PSOL REDE: destaque para votação em separado do inciso II do §1° do art. 1º do substitutivo do Senado (para fins de supressão), apresentado ao PL 3796/2004. (art. 161, I)";"2017-06-20T18:46:46";"Apresentação do Requerimento de Urgência (Art. 155 do RICD) n. 6745/2017, pela Deputada Laura Carneiro (PMDB-RJ), que: ""Requer, nos termos do Art. 155 do Regimento Interno da Câmara dos Deputados, urgência para apreciação do Projeto de Lei nº 3.796, de 2004 de autoria da Deputada Laura Carneiro, que dispõe sobre a Política Nacional de Conscientização e Orientação sobre o LES - Lupus Eritematoso Sistêmico, e dá providências correlatas"".";"2141960";"https://dadosabertos.camara.leg.br/api/v2/proposicoes/2141960"
"258022-249";"https://dadosabertos.camara.leg.br/api/v2/votacoes/258022-249";"2023-03-08";"2023-03-08T18:51:57";"180";"https://dadosabertos.camara.leg.br/api/v2/orgaos/180";"PLEN";"67204";"https://dadosabertos.camara.leg.br/api/v2/eventos/67204";"1";"0";"0";"0";"Aprovada a Redação Final assinada pelo Relator.";"2023-03-08T18:51:41";"Votação da Redação Final.";"2017-06-20T18:46:46";"Apresentação do Requerimento de Urgência (Art. 155 do RICD) n. 6745/2017, pela Deputada Laura Carneiro (PMDB-RJ), que: ""Requer, nos termos do Art. 155 do Regimento Interno da Câmara dos Deputados, urgência para apreciação do Projeto de Lei nº 3.796, de 2004 de autoria da Deputada Laura Carneiro, que dispõe sobre a Política Nacional de Conscientização e Orientação sobre o LES - Lupus Eritematoso Sistêmico, e dá providências correlatas"".";"2141960";"https://dadosabertos.camara.leg.br/api/v2/proposicoes/2141960"
"2318637-8";"https://dadosabertos.camara.leg.br/api/v2/votacoes/2318637-8";"2023-03-08";"2023-03-08T19:00:09";"180";"https://dadosabertos.camara.leg.br/api/v2/orgaos/180";"PLEN";"67204";"https://dadosabertos.camara.leg.br/api/v2/eventos/67204";"1";"0";"0";"0";"Aprovado, por unanimidade, o Requerimento de Urgência (Art. 155 do RICD).";"";"";"";"";"0";""
"2313174-43";"https://dadosabertos.camara.leg.br/api/v2/votacoes/2313174-43";"2023-03-08";"2023-03-08T19:27:20";"180";"https://dadosabertos.camara.leg.br/api/v2/orgaos/180";"PLEN";"67204";"https://dadosabertos.camara.leg.br/api/v2/eventos/67204";"1";"0";"0";"0";"Aprovado o Projeto de Lei nº 4.534, de 2021.";"2023-03-08T19:22:09";"Votação em turno único.";"";"Apresentação do Projeto de Lei n. 4534/2021, pelos Deputados Tabata Amaral  (PSB/SP) e Felipe Rigoni  PSL, que ""Acrescenta o Capítulo I - B ao Título VI da Parte Especial do Decreto-Lei nº 2.848, de 7 de dezembro de 1940 – Código Penal, para tratar do crime de condicionamento de dever de ofício à prestação de atividade sexual"".";"0";""
"2313174-45";"https://dadosabertos.camara.leg.br/api/v2/votacoes/2313174-45";"2023-03-08";"2023-03-08T19:28:05";"180";"https://dadosabertos.camara.leg.br/api/v2/orgaos/180";"PLEN";"67204";"https://dadosabertos.camara.leg.br/api/v2/eventos/67204";"1";"0";"0";"0";"Aprovada a Redação Final assinada pela relatora Dep. Maria do Rosário (PT-RS).";"2023-03-08T19:27:36";"Votação da Redação Final.";"";"Apresentação do Projeto de Lei n. 4534/2021, pelos Deputados Tabata Amaral  (PSB/SP) e Felipe Rigoni  PSL, que ""Acrescenta o Capítulo I - B ao Título VI da Parte Especial do Decreto-Lei nº 2.848, de 7 de dezembro de 1940 – Código Penal, para tratar do crime de condicionamento de dever de ofício à prestação de atividade sexual"".";"0";""
"2210071-80";"https://dadosabertos.camara.leg.br/api/v2/votacoes/2210071-80";"2023-03-08";"2023-03-08T20:19:23";"180";"https://dadosabertos.camara.leg.br/api/v2/orgaos/180";"PLEN";"67204";"https://dadosabertos.camara.leg.br/api/v2/eventos/67204";"1";"0";"0";"0";"Aprovado o Substitutivo ao Projeto de Lei nº 3.792, de 2019, adotado pela relatora da Comissão de Defesa dos Direitos da Mulher.";"2023-03-08T20:12:04";"Votação em turno único.";"2023-03-08T19:55:44";"Parecer proferido em Plenário pela Relatora, Dep. Erika Kokay (PT-DF), pela Comissão de Constituição e Justiça e de Cidadania, que conclui pela constitucionalidade, juridicidade e técnica legislativa do Projeto de Lei nº 3.792, de 2019, e do Substitutivo adotado pela relatora da Comissão de Direitos da Mulher.";"2350665";"https://dadosabertos.camara.leg.br/api/v2/proposicoes/2350665"
"2210071-83";"https://dadosabertos.camara.leg.br/api/v2/votacoes/2210071-83";"2023-03-08";"2023-03-08T20:20:56";"180";"https://dadosabertos.camara.leg.br/api/v2/orgaos/180";"PLEN";"67204";"https://dadosabertos.camara.leg.br/api/v2/eventos/67204";"1";"0";"0";"0";"Aprovada a Redação Final assinada pela relatora Dep. Erika Kokay (PT-DF).";"2023-03-08T20:20:39";"Votação da Redação Final.";"2023-03-08T19:55:44";"Parecer proferido em Plenário pela Relatora, Dep. Erika Kokay (PT-DF), pela Comissão de Constituição e Justiça e de Cidadania, que conclui pela constitucionalidade, juridicidade e técnica legislativa do Projeto de Lei nº 3.792, de 2019, e do Substitutivo adotado pela relatora da Comissão de Direitos da Mulher.";"2350665";"https://dadosabertos.camara.leg.br/api/v2/proposicoes/2350665"
"2350694-6";"https://dadosabertos.camara.leg.br/api/v2/votacoes/2350694-6";"2023-03-08";"2023-03-08T20:27:18";"180";"https://dadosabertos.camara.leg.br/api/v2/orgaos/180";"PLEN";"67204";"https://dadosabertos.camara.leg.br/api/v2/eventos/67204";"1";"0";"0";"0";"Aprovado, por unanimidade, o Requerimento de Urgência (Art. 155 do RICD).";"";"";"";"";"0";""
"2139046-123";"https://dadosabertos.camara.leg.br/api/v2/votacoes/2139046-123";"2023-03-08";"2023-03-08T20:27:20";"180";"https://dadosabertos.camara.leg.br/api/v2/orgaos/180";"PLEN";"0";"";"1";"0";"0";"0";"Aprovado requerimento n. 523/2023 da Sra. Jandira Feghali que requer regime de urgência para apreciação do PL 2113/2019.";"";"";"2021-03-25T11:52:02";"Apresentação do Projeto de Lei n. 2113/2019, pelo Senado Federal, que ""Substitutivo do Senado ao Projeto de Lei nº 2.113, de 2019 (PL nº 7.720, de 2017, na Casa de origem), que “Altera as Leis nº 9.656, de 3 de junho de 1998, e 9.797, de 6 de maio de 1999, para dispor sobre cirurgia plástica de reconstrução mamária em pacientes que sofreram mutilação de mama decorrente de tratamento de câncer”.


Substitua-se o Projeto pelo seguinte:


Altera a Lei nº 9.656, de 3 de junho de 1998, que “dispõe sobre os planos e seguros privados de assistência à saúde”, e a Lei nº 9.797, de 6 de maio de 1999, que “dispõe sobre a obrigatoriedade da cirurgia plástica reparadora da mama pela rede de unidades integrantes do Sistema Único de                                                                                                            Saúde – SUS nos casos de mutilação decorrentes de tratamento de câncer”, para assegurar às pacientes a substituição do implante mamário utilizado na reconstrução mamária ou na simetrização da mama contralateral sempre que ocorrerem complicações ou efeitos adversos a ele relacionados, bem como assegurar às pacientes acompanhamento psicológico e multidisciplinar especializado na hipótese que especifica
"".";"2275252";"https://dadosabertos.camara.leg.br/api/v2/proposicoes/2275252"
"2139046-124";"https://dadosabertos.camara.leg.br/api/v2/votacoes/2139046-124";"2023-03-08";"2023-03-08T20:27:21";"180";"https://dadosabertos.camara.leg.br/api/v2/orgaos/180";"PLEN";"0";"";"1";"0";"0";"0";"Alteração do Regime de Tramitação desta proposição em virtude da Aprovação do REQ 523/2023.";"";"";"2021-03-25T11:52:02";"Apresentação do Projeto de Lei n. 2113/2019, pelo Senado Federal, que ""Substitutivo do Senado ao Projeto de Lei nº 2.113, de 2019 (PL nº 7.720, de 2017, na Casa de origem), que “Altera as Leis nº 9.656, de 3 de junho de 1998, e 9.797, de 6 de maio de 1999, para dispor sobre cirurgia plástica de reconstrução mamária em pacientes que sofreram mutilação de mama decorrente de tratamento de câncer”.


Substitua-se o Projeto pelo seguinte:


Altera a Lei nº 9.656, de 3 de junho de 1998, que “dispõe sobre os planos e seguros privados de assistência à saúde”, e a Lei nº 9.797, de 6 de maio de 1999, que “dispõe sobre a obrigatoriedade da cirurgia plástica reparadora da mama pela rede de unidades integrantes do Sistema Único de                                                                                                            Saúde – SUS nos casos de mutilação decorrentes de tratamento de câncer”, para assegurar às pacientes a substituição do implante mamário utilizado na reconstrução mamária ou na simetrização da mama contralateral sempre que ocorrerem complicações ou efeitos adversos a ele relacionados, bem como assegurar às pacientes acompanhamento psicológico e multidisciplinar especializado na hipótese que especifica
"".";"2275252";"https://dadosabertos.camara.leg.br/api/v2/proposicoes/2275252"
"2139046-130";"https://dadosabertos.camara.leg.br/api/v2/votacoes/2139046-130";"2023-03-08";"2023-03-08T20:33:37";"180";"https://dadosabertos.camara.leg.br/api/v2/orgaos/180";"PLEN";"67204";"https://dadosabertos.camara.leg.br/api/v2/eventos/67204";"1";"0";"0";"0";"Aprovado o Substitutivo do Senado Federal ao Projeto de Lei nº 2.113-D, de 2019, ressalvado o destaque.";"2023-03-08T20:32:53";"Votação em turno único.";"2021-03-25T11:52:02";"Apresentação do Projeto de Lei n. 2113/2019, pelo Senado Federal, que ""Substitutivo do Senado ao Projeto de Lei nº 2.113, de 2019 (PL nº 7.720, de 2017, na Casa de origem), que “Altera as Leis nº 9.656, de 3 de junho de 1998, e 9.797, de 6 de maio de 1999, para dispor sobre cirurgia plástica de reconstrução mamária em pacientes que sofreram mutilação de mama decorrente de tratamento de câncer”.


Substitua-se o Projeto pelo seguinte:


Altera a Lei nº 9.656, de 3 de junho de 1998, que “dispõe sobre os planos e seguros privados de assistência à saúde”, e a Lei nº 9.797, de 6 de maio de 1999, que “dispõe sobre a obrigatoriedade da cirurgia plástica reparadora da mama pela rede de unidades integrantes do Sistema Único de                                                                                                            Saúde – SUS nos casos de mutilação decorrentes de tratamento de câncer”, para assegurar às pacientes a substituição do implante mamário utilizado na reconstrução mamária ou na simetrização da mama contralateral sempre que ocorrerem complicações ou efeitos adversos a ele relacionados, bem como assegurar às pacientes acompanhamento psicológico e multidisciplinar especializado na hipótese que especifica
"".";"2275252";"https://dadosabertos.camara.leg.br/api/v2/proposicoes/2275252"
"2139046-132";"https://dadosabertos.camara.leg.br/api/v2/votacoes/2139046-132";"2023-03-08";"2023-03-08T20:34:37";"180";"https://dadosabertos.camara.leg.br/api/v2/orgaos/180";"PLEN";"67204";"https://dadosabertos.camara.leg.br/api/v2/eventos/67204";"";"0";"0";"0";"Suprimido o texto.";"2023-03-08T20:34:17";"Votação do DTQ 1: Bloco PL: Destaque para votação em separado do incico II do art. 10-A, constante do art. 1º do Substitutivo do Senado Federal apresentado ao Projeto de Lei nº 2113, de 2019, com vistas a sua apresentação (art. 161, I).";"2021-03-25T11:52:02";"Apresentação do Projeto de Lei n. 2113/2019, pelo Senado Federal, que ""Substitutivo do Senado ao Projeto de Lei nº 2.113, de 2019 (PL nº 7.720, de 2017, na Casa de origem), que “Altera as Leis nº 9.656, de 3 de junho de 1998, e 9.797, de 6 de maio de 1999, para dispor sobre cirurgia plástica de reconstrução mamária em pacientes que sofreram mutilação de mama decorrente de tratamento de câncer”.


Substitua-se o Projeto pelo seguinte:


Altera a Lei nº 9.656, de 3 de junho de 1998, que “dispõe sobre os planos e seguros privados de assistência à saúde”, e a Lei nº 9.797, de 6 de maio de 1999, que “dispõe sobre a obrigatoriedade da cirurgia plástica reparadora da mama pela rede de unidades integrantes do Sistema Único de                                                                                                            Saúde – SUS nos casos de mutilação decorrentes de tratamento de câncer”, para assegurar às pacientes a substituição do implante mamário utilizado na reconstrução mamária ou na simetrização da mama contralateral sempre que ocorrerem complicações ou efeitos adversos a ele relacionados, bem como assegurar às pacientes acompanhamento psicológico e multidisciplinar especializado na hipótese que especifica
"".";"2275252";"https://dadosabertos.camara.leg.br/api/v2/proposicoes/2275252"
"2139046-134";"https://dadosabertos.camara.leg.br/api/v2/votacoes/2139046-134";"2023-03-08";"2023-03-08T20:35:33";"180";"https://dadosabertos.camara.leg.br/api/v2/orgaos/180";"PLEN";"67204";"https://dadosabertos.camara.leg.br/api/v2/eventos/67204";"1";"0";"0";"0";"Aprovada a Redação Final assinada pela Relatora, Dep. Amanda Gentil (PP-MA).";"2023-03-08T20:34:44";"Votação da Redação Final.";"2021-03-25T11:52:02";"Apresentação do Projeto de Lei n. 2113/2019, pelo Senado Federal, que ""Substitutivo do Senado ao Projeto de Lei nº 2.113, de 2019 (PL nº 7.720, de 2017, na Casa de origem), que “Altera as Leis nº 9.656, de 3 de junho de 1998, e 9.797, de 6 de maio de 1999, para dispor sobre cirurgia plástica de reconstrução mamária em pacientes que sofreram mutilação de mama decorrente de tratamento de câncer”.


Substitua-se o Projeto pelo seguinte:


Altera a Lei nº 9.656, de 3 de junho de 1998, que “dispõe sobre os planos e seguros privados de assistência à saúde”, e a Lei nº 9.797, de 6 de maio de 1999, que “dispõe sobre a obrigatoriedade da cirurgia plástica reparadora da mama pela rede de unidades integrantes do Sistema Único de                                                                                                            Saúde – SUS nos casos de mutilação decorrentes de tratamento de câncer”, para assegurar às pacientes a substituição do implante mamário utilizado na reconstrução mamária ou na simetrização da mama contralateral sempre que ocorrerem complicações ou efeitos adversos a ele relacionados, bem como assegurar às pacientes acompanhamento psicológico e multidisciplinar especializado na hipótese que especifica
"".";"2275252";"https://dadosabertos.camara.leg.br/api/v2/proposicoes/2275252"
"2350686-6";"https://dadosabertos.camara.leg.br/api/v2/votacoes/2350686-6";"2023-03-08";"2023-03-08T20:42:59";"180";"https://dadosabertos.camara.leg.br/api/v2/orgaos/180";"PLEN";"67204";"https://dadosabertos.camara.leg.br/api/v2/eventos/67204";"1";"0";"0";"0";"Aprovado, por unanimidade, o Requerimento de Urgência (Art. 155 do RICD).";"";"";"";"";"0";""
"2278389-25";"https://dadosabertos.camara.leg.br/api/v2/votacoes/2278389-25";"2023-03-08";"2023-03-08T20:43:00";"100001";"https://dadosabertos.camara.leg.br/api/v2/orgaos/100001";"SECAP(SGM)";"0";"";"1";"0";"0";"0";"Realizar o encaminhamento do PL-1437/2021 à CCJC (tramitação simultânea), em razão da aprovação de requerimento de urgência.";"";"";"";"";"0";""
"2278389-26";"https://dadosabertos.camara.leg.br/api/v2/votacoes/2278389-26";"2023-03-08";"2023-03-08T20:43:00";"100001";"https://dadosabertos.camara.leg.br/api/v2/orgaos/100001";"SECAP(SGM)";"0";"";"1";"0";"0";"0";"Realizar o encaminhamento do PL-1437/2021 à CFT (tramitação simultânea), em razão da aprovação de requerimento de urgência.";"";"";"";"";"0";""
"2278389-27";"https://dadosabertos.camara.leg.br/api/v2/votacoes/2278389-27";"2023-03-08";"2023-03-08T20:43:00";"100001";"https://dadosabertos.camara.leg.br/api/v2/orgaos/100001";"SECAP(SGM)";"0";"";"1";"0";"0";"0";"Realizar o encaminhamento do PL-1437/2021 à CFT (tramitação simultânea), em razão da aprovação de requerimento de urgência.";"";"";"";"";"0";""
"2350236-2";"https://dadosabertos.camara.leg.br/api/v2/votacoes/2350236-2";"2023-03-08";"2023-03-08T15:19:46";"539409";"https://dadosabertos.camara.leg.br/api/v2/orgaos/539409";"GTSTN";"67187";"https://dadosabertos.camara.leg.br/api/v2/eventos/67187";"1";"0";"0";"0";"Aprovado.";"";"";"";"Apresentação do Requerimento de Audiência Pública n. 18/2023, pelo Deputado Mauro Benevides Filho (PDT-CE), que: ""Pedido de Inclusão  de convidado em Audiência no Grupo de Trabalho do Sistema Tributário Nacional, com o seguinte convidado: Alberto Macedo, Doutor em Direito Econômico, Financeiro e Tributário pela USP"".";"0";""
"2350237-2";"https://dadosabertos.camara.leg.br/api/v2/votacoes/2350237-2";"2023-03-08";"2023-03-08T15:19:47";"539409";"https://dadosabertos.camara.leg.br/api/v2/orgaos/539409";"GTSTN";"67187";"https://dadosabertos.camara.leg.br/api/v2/eventos/67187";"1";"0";"0";"0";"Aprovado.";"";"";"";"Apresentação do Requerimento de Audiência Pública n. 19/2023, pelo Deputado Adail Filho (REPUBLIC-AM), que: ""Solicita audiência pública para tratar sobre a Zona Franca de Manaus no âmbito do Grupo de Trabalho para a Proposta de Emenda à Constituição nº 45 de 2019 com os seguintes convidados: José Jorge do Nascimento Junior - Presidente Executivo da Eletros; Thomaz Afonso Queiroz Nogueira - Consultor Tributário; José Goutier Rodrigues - Representante da Empresa Positivo; Farid Mendonça Junior - Assessor Parlamentar na Comissão Senado Federal; Bernard Appy - Secretário Extraordinário para a Reforma Tributária"".";"0";""
"2350238-2";"https://dadosabertos.camara.leg.br/api/v2/votacoes/2350238-2";"2023-03-08";"2023-03-08T15:19:47";"539409";"https://dadosabertos.camara.leg.br/api/v2/orgaos/539409";"GTSTN";"67187";"https://dadosabertos.camara.leg.br/api/v2/eventos/67187";"1";"0";"0";"0";"Aprovado.";"";"";"";"Apresentação do Requerimento de Audiência Pública n. 20/2023, pelo Deputado Vitor Lippi (PSDB-SP), que: ""Requer a realização de audiência pública, no âmbito do Grupo de Trabalho, a fim de discutir a PEC 45/2019, que altera o Sistema Tributário Nacional e dá outras providências, com a participação da Confederação Nacional da Indústria - CNI. 

"".";"0";""
"2350286-2";"https://dadosabertos.camara.leg.br/api/v2/votacoes/2350286-2";"2023-03-08";"2023-03-08T15:19:47";"539409";"https://dadosabertos.camara.leg.br/api/v2/orgaos/539409";"GTSTN";"67187";"https://dadosabertos.camara.leg.br/api/v2/eventos/67187";"1";"0";"0";"0";"Aprovado.";"";"";"";"Apresentação do Requerimento para realização ou participação em Seminário ou outros Eventos n. 21/2023, pelo Deputado Glaustin da Fokus (PSC/GO), que ""Requer a inclusão de especialista no Seminário para debater a reforma tributária na economia Brasileira a realizar-se no estado de Goiás. "".";"0";""
"2350287-2";"https://dadosabertos.camara.leg.br/api/v2/votacoes/2350287-2";"2023-03-08";"2023-03-08T15:19:48";"539409";"https://dadosabertos.camara.leg.br/api/v2/orgaos/539409";"GTSTN";"67187";"https://dadosabertos.camara.leg.br/api/v2/eventos/67187";"1";"0";"0";"0";"Aprovado.";"";"";"";"Apresentação do Requerimento de Audiência Pública n. 22/2023, pelo Deputado Mauro Benevides Filho (PDT-CE), que: ""Requer a inclusão de convidado Marcos Aurélio Pereira Valadão, Pós-Doutor em Direito e Membro da Comissão da Reforma Tributária da OAB/DF, para audiência pública a ser realizada sobre o Tema 1: Diagnóstico do Sistema Tributário Atual"".";"0";""
"2350224-2";"https://dadosabertos.camara.leg.br/api/v2/votacoes/2350224-2";"2023-03-08";"2023-03-08T15:27:37";"539409";"https://dadosabertos.camara.leg.br/api/v2/orgaos/539409";"GTSTN";"67187";"https://dadosabertos.camara.leg.br/api/v2/eventos/67187";"1";"0";"0";"0";"Aprovado, tendo a anuência do Autor, com a  inclusão dos seguintes convidados: Antônio Lício, advogado, e um representante da OCDE, a pedido do Deputado Reginaldo Lopes; e o economista  Dyogo Oliveira, a pedido do Deputado Sidney Leite.";"";"";"";"Apresentação do Requerimento de Audiência Pública n. 17/2023, pelo Deputado Newton Cardoso Jr (MDB-MG), que: ""Requer a participação de convidado em Audiência Pública, para debater sobre a proposta de Emenda à Constituição nº 45-A, de 2019, com o seguinte convidado: André Moreira Mendes - Advogado, Especialista em Direto Tributário - Professor Adjunto de Direito Tributário dos cursos de graduação, mestrado e doutorado em Direito, Universidade Federal de Minas Gerais (UFMG)"".";"0";""
"2320213-31";"https://dadosabertos.camara.leg.br/api/v2/votacoes/2320213-31";"2023-03-09";"2023-03-09T09:07:57";"100001";"https://dadosabertos.camara.leg.br/api/v2/orgaos/100001";"SECAP(SGM)";"0";"";"1";"0";"0";"0";"Realizar o encaminhamento do PL-976/2022 à CCJC (tramitação simultânea), em razão da aprovação de requerimento de urgência.";"";"";"";"";"0";""
"2320213-32";"https://dadosabertos.camara.leg.br/api/v2/votacoes/2320213-32";"2023-03-09";"2023-03-09T09:07:57";"100001";"https://dadosabertos.camara.leg.br/api/v2/orgaos/100001";"SECAP(SGM)";"0";"";"1";"0";"0";"0";"Realizar o encaminhamento do PL-976/2022 à CFT (tramitação simultânea), em razão da aprovação de requerimento de urgência.";"";"";"";"";"0";""
"2320213-51";"https://dadosabertos.camara.leg.br/api/v2/votacoes/2320213-51";"2023-03-09";"2023-03-09T12:44:57";"180";"https://dadosabertos.camara.leg.br/api/v2/orgaos/180";"PLEN";"67210";"https://dadosabertos.camara.leg.br/api/v2/eventos/67210";"1";"0";"0";"0";"Aprovado o Substitutivo ao Projeto de Lei nº 976, de 2022, adotado pelo relator da Comissão de Previdência, Assistência Social, Infância, Adolescência e Família.";"2023-03-09T12:37:00";"Votação em turno único.";"2023-03-09T11:40:52";"Parecer proferido em Plenário pelo relator, Dep. Capitão Alberto Neto (PL-AM), pela Comissão de Constituição e Justiça e de Cidadania, que conclui pela constitucionalidade, juridicidade e boa técnica legislativa do Projeto e do Substitutivo adotado pelo relator da Comissão de Previdência, Assistência Social, Infância, Adolescência e Família.";"2350849";"https://dadosabertos.camara.leg.br/api/v2/proposicoes/2350849"
"2320213-54";"https://dadosabertos.camara.leg.br/api/v2/votacoes/2320213-54";"2023-03-09";"2023-03-09T12:46:16";"180";"https://dadosabertos.camara.leg.br/api/v2/orgaos/180";"PLEN";"67210";"https://dadosabertos.camara.leg.br/api/v2/eventos/67210";"1";"0";"0";"0";"Aprovada a Redação Final assinada pelo relator Dep. Capitão Alberto Neto (PL-AM).";"2023-03-09T12:45:56";"Votação da Redação Final.";"2023-03-09T11:40:52";"Parecer proferido em Plenário pelo relator, Dep. Capitão Alberto Neto (PL-AM), pela Comissão de Constituição e Justiça e de Cidadania, que conclui pela constitucionalidade, juridicidade e boa técnica legislativa do Projeto e do Substitutivo adotado pelo relator da Comissão de Previdência, Assistência Social, Infância, Adolescência e Família.";"2350849";"https://dadosabertos.camara.leg.br/api/v2/proposicoes/2350849"
