"idVotacao";"uriVotacao";"data";"descricao";"proposicao_id";"proposicao_uri";"proposicao_titulo";"proposicao_ementa";"proposicao_codTipo";"proposicao_siglaTipo";"proposicao_numero";"proposicao_ano"
"110085-159";"https://dadosabertos.camara.leg.br/api/v2/votacoes/110085-159";"2023-01-31";"PARECER CONSIDERADO VÁLIDO, NOS TERMOS DO § 2º DO ART 105 DO RICD, ENQUANTO APENSADO AO PRC 145/1993: REJEIÇÃO DO PARECER DO RELATOR, DEP RICARDO FIUZA.
APROVAÇÃO DO PARECER DO DEP INALDO LEITÃO, DESIGNADO RELATOR DO VENCEDOR, PELA CONSTITUCIONALIDADE, JURIDICIDADE, TECNICA LEGISLATIVA E, NO MERITO, PELA REJEIÇÃO, CONTRA O VOTO EM SEPARADO DO DEP RICARDO FIUZA.";"110085";"https://dadosabertos.camara.leg.br/api/v2/proposicoes/110085";"PRC 31/2003";"Altera os arts. 46 e 65 do Regimento Interno, instituindo novo calendário de funcionamento dos trabalhos da Câmara dos Deputados.";"444";"PRC";"31";"2003"
"2139046-123";"https://dadosabertos.camara.leg.br/api/v2/votacoes/2139046-123";"2023-03-08";"Aprovado requerimento n. 523/2023 da Sra. Jandira Feghali que requer regime de urgência para apreciação do PL 2113/2019.";"2139046";"https://dadosabertos.camara.leg.br/api/v2/proposicoes/2139046";"PL 2113/2019 (Nº Anterior: pl 7720/2017)";"Altera as Leis nº 9.656, de 3 de junho de 1998, e 9.797, de 6 de maio de 1999.";"139";"PL";"2113";"2019"
"2139046-124";"https://dadosabertos.camara.leg.br/api/v2/votacoes/2139046-124";"2023-03-08";"Alteração do Regime de Tramitação desta proposição em virtude da Aprovação do REQ 523/2023.";"2139046";"https://dadosabertos.camara.leg.br/api/v2/proposicoes/2139046";"PL 2113/2019 (Nº Anterior: pl 7720/2017)";"Altera as Leis nº 9.656, de 3 de junho de 1998, e 9.797, de 6 de maio de 1999.";"139";"PL";"2113";"2019"
"2139046-130";"https://dadosabertos.camara.leg.br/api/v2/votacoes/2139046-130";"2023-03-08";"Aprovado o Substitutivo do Senado Federal ao Projeto de Lei nº 2.113-D, de 2019, ressalvado o destaque.";"2139046";"https://dadosabertos.camara.leg.br/api/v2/proposicoes/2139046";"PL 2113/2019 (Nº Anterior: pl 7720/2017)";"Altera as Leis nº 9.656, de 3 de junho de 1998, e 9.797, de 6 de maio de 1999.";"139";"PL";"2113";"2019"
"2139046-132";"https://dadosabertos.camara.leg.br/api/v2/votacoes/2139046-132";"2023-03-08";"Suprimido o texto.";"2139046";"https://dadosabertos.camara.leg.br/api/v2/proposicoes/2139046";"PL 2113/2019 (Nº Anterior: pl 7720/2017)";"Altera as Leis nº 9.656, de 3 de junho de 1998, e 9.797, de 6 de maio de 1999.";"139";"PL";"2113";"2019"
"2139046-134";"https://dadosabertos.camara.leg.br/api/v2/votacoes/2139046-134";"2023-03-08";"Aprovada a Redação Final assinada pela Relatora, Dep. Amanda Gentil (PP-MA).";"2139046";"https://dadosabertos.camara.leg.br/api/v2/proposicoes/2139046";"PL 2113/2019 (Nº Anterior: pl 7720/2017)";"Altera as Leis nº 9.656, de 3 de junho de 1998, e 9.797, de 6 de maio de 1999.";"139";"PL";"2113";"2019"
"2210071-80";"https://dadosabertos.camara.leg.br/api/v2/votacoes/2210071-80";"2023-03-08";"Aprovado o Substitutivo ao Projeto de Lei nº 3.792, de 2019, adotado pela relatora da Comissão de Defesa dos Direitos da Mulher.";"2210071";"https://dadosabertos.camara.leg.br/api/v2/proposicoes/2210071";"PL 3792/2019";"Dispõe sobre a criação de selo de qualidade para empresa que não tenha dentre os seus administradores agressores de violência doméstica e familiar.";"139";"PL";"3792";"2019"
"2210071-83";"https://dadosabertos.camara.leg.br/api/v2/votacoes/2210071-83";"2023-03-08";"Aprovada a Redação Final assinada pela relatora Dep. Erika Kokay (PT-DF).";"2210071";"https://dadosabertos.camara.leg.br/api/v2/proposicoes/2210071";"PL 3792/2019";"Dispõe sobre a criação de selo de qualidade para empresa que não tenha dentre os seus administradores agressores de violência doméstica e familiar.";"139";"PL";"3792";"2019"
"2267323-52";"https://dadosabertos.camara.leg.br/api/v2/votacoes/2267323-52";"2023-02-15";"Aprovado o Substitutivo ao Projeto de Lei nº 5.543, de 2020, adotado pela relatora da Comissão de Saúde.";"2267323";"https://dadosabertos.camara.leg.br/api/v2/proposicoes/2267323";"PL 5543/2020";"Institui a data de 17 de julho como o Dia Nacional do Cirurgião Oncológico.";"139";"PL";"5543";"2020"
"2267323-54";"https://dadosabertos.camara.leg.br/api/v2/votacoes/2267323-54";"2023-02-15";"Aprovada a Redação Final assinada pela relatora Dep. Flávia Morais (PDT-GO).";"2267323";"https://dadosabertos.camara.leg.br/api/v2/proposicoes/2267323";"PL 5543/2020";"Institui a data de 17 de julho como o Dia Nacional do Cirurgião Oncológico.";"139";"PL";"5543";"2020"
"2278389-25";"https://dadosabertos.camara.leg.br/api/v2/votacoes/2278389-25";"2023-03-08";"Realizar o encaminhamento do PL-1437/2021 à CCJC (tramitação simultânea), em razão da aprovação de requerimento de urgência.";"2278389";"https://dadosabertos.camara.leg.br/api/v2/proposicoes/2278389";"PL 1437/2021";"Institui o Programa Nacional de Apoio Social e Psicológico a crianças e adolescentes que se tornaram órfãos devido à pandemia causada pela covid-19, (PRONASP).";"139";"PL";"1437";"2021"
"2278389-26";"https://dadosabertos.camara.leg.br/api/v2/votacoes/2278389-26";"2023-03-08";"Realizar o encaminhamento do PL-1437/2021 à CFT (tramitação simultânea), em razão da aprovação de requerimento de urgência.";"2278389";"https://dadosabertos.camara.leg.br/api/v2/proposicoes/2278389";"PL 1437/2021";"Institui o Programa Nacional de Apoio Social e Psicológico a crianças e adolescentes que se tornaram órfãos devido à pandemia causada pela covid-19, (PRONASP).";"139";"PL";"1437";"2021"
"2278389-27";"https://dadosabertos.camara.leg.br/api/v2/votacoes/2278389-27";"2023-03-08";"Realizar o encaminhamento do PL-1437/2021 à CFT (tramitação simultânea), em razão da aprovação de requerimento de urgência.";"2278389";"https://dadosabertos.camara.leg.br/api/v2/proposicoes/2278389";"PL 1437/2021";"Institui o Programa Nacional de Apoio Social e Psicológico a crianças e adolescentes que se tornaram órfãos devido à pandemia causada pela covid-19, (PRONASP).";"139";"PL";"1437";"2021"
"2283555-64";"https://dadosabertos.camara.leg.br/api/v2/votacoes/2283555-64";"2023-03-02";"Aprovado o Substitutivo ao Projeto de Lei nº 1.883, de 2021, adotado pela relatora da Comissão de Finanças e Tributação.";"2283555";"https://dadosabertos.camara.leg.br/api/v2/proposicoes/2283555";"PL 1883/2021";"Dispõe sobre mecanismos de facilitação do crédito a microempresas e empresas de pequeno porte controladas e dirigidas por mulheres e a microempreendedoras individuais e altera a Lei nº 13.483, de 21 de setembro de 2017, e a Lei nº 13.999, de 18 de maio de 2020.

NOVA EMENTA: Institui o Programa Crédito da Mulher no âmbito das instituições financeiras oficiais federais e mecanismos de facilitação do crédito a microempreendedoras individuais e a microempresas e empresas de pequeno porte controladas e dirigidas por mulheres; e altera as Leis nºs 13.483, de 21 de setembro de 2017, 13.999, de 18 de maio de 2020, e 8.029, de 12 de abril de 1990.";"139";"PL";"1883";"2021"
"2283555-67";"https://dadosabertos.camara.leg.br/api/v2/votacoes/2283555-67";"2023-03-02";"Aprovada a Redação Final assinada pela relatora Dep. Luisa Canziani (PSD-PR).";"2283555";"https://dadosabertos.camara.leg.br/api/v2/proposicoes/2283555";"PL 1883/2021";"Dispõe sobre mecanismos de facilitação do crédito a microempresas e empresas de pequeno porte controladas e dirigidas por mulheres e a microempreendedoras individuais e altera a Lei nº 13.483, de 21 de setembro de 2017, e a Lei nº 13.999, de 18 de maio de 2020.

NOVA EMENTA: Institui o Programa Crédito da Mulher no âmbito das instituições financeiras oficiais federais e mecanismos de facilitação do crédito a microempreendedoras individuais e a microempresas e empresas de pequeno porte controladas e dirigidas por mulheres; e altera as Leis nºs 13.483, de 21 de setembro de 2017, 13.999, de 18 de maio de 2020, e 8.029, de 12 de abril de 1990.";"139";"PL";"1883";"2021"
"2301213-61";"https://dadosabertos.camara.leg.br/api/v2/votacoes/2301213-61";"2023-02-07";"Aprovado o Projeto de Decreto Legislativo nº 776, de 2021.";"2301213";"https://dadosabertos.camara.leg.br/api/v2/proposicoes/2301213";"PDL 776/2021";"Aprova o texto do Tratado entre a República Federativa do Brasil e a Romênia sobre Auxílio Jurídico Mútuo em Matéria Penal, assinado em Brasília, em 13 de junho de 2017.";"554";"PDL";"776";"2021"
"2301213-63";"https://dadosabertos.camara.leg.br/api/v2/votacoes/2301213-63";"2023-02-07";"Aprovada a Redação Final.";"2301213";"https://dadosabertos.camara.leg.br/api/v2/proposicoes/2301213";"PDL 776/2021";"Aprova o texto do Tratado entre a República Federativa do Brasil e a Romênia sobre Auxílio Jurídico Mútuo em Matéria Penal, assinado em Brasília, em 13 de junho de 2017.";"554";"PDL";"776";"2021"
"2305154-57";"https://dadosabertos.camara.leg.br/api/v2/votacoes/2305154-57";"2023-02-07";"Aprovado o Projeto de Decreto Legislativo nº 930, de 2021.";"2305154";"https://dadosabertos.camara.leg.br/api/v2/proposicoes/2305154";"PDL 930/2021";"Aprova o texto do Acordo entre a República Federativa do Brasil e a República do Peru para Facilitação do Trânsito de Veículos de uso Particular, assinado em Lima, em 11 de dezembro de 2009.";"554";"PDL";"930";"2021"
"2305154-59";"https://dadosabertos.camara.leg.br/api/v2/votacoes/2305154-59";"2023-02-07";"Aprovada a Redação Final.";"2305154";"https://dadosabertos.camara.leg.br/api/v2/proposicoes/2305154";"PDL 930/2021";"Aprova o texto do Acordo entre a República Federativa do Brasil e a República do Peru para Facilitação do Trânsito de Veículos de uso Particular, assinado em Lima, em 11 de dezembro de 2009.";"554";"PDL";"930";"2021"
"2310248-30";"https://dadosabertos.camara.leg.br/api/v2/votacoes/2310248-30";"2023-02-07";"Aprovado o Projeto de Decreto Legislativo nº 1.101, de 2021.";"2310248";"https://dadosabertos.camara.leg.br/api/v2/proposicoes/2310248";"PDL 1101/2021";"Aprova o texto do Acordo-Quadro entre o Governo da República Federativa do Brasil e o Governo do Reino de Marrocos Sobre Cooperação em Matéria de Defesa, celebrado em Brasília, em 13 de junho de 2019.";"554";"PDL";"1101";"2021"
"2310248-32";"https://dadosabertos.camara.leg.br/api/v2/votacoes/2310248-32";"2023-02-07";"Aprovada a Redação Final.";"2310248";"https://dadosabertos.camara.leg.br/api/v2/proposicoes/2310248";"PDL 1101/2021";"Aprova o texto do Acordo-Quadro entre o Governo da República Federativa do Brasil e o Governo do Reino de Marrocos Sobre Cooperação em Matéria de Defesa, celebrado em Brasília, em 13 de junho de 2019.";"554";"PDL";"1101";"2021"
"2313048-44";"https://dadosabertos.camara.leg.br/api/v2/votacoes/2313048-44";"2023-02-09";"Aprovado o Projeto de Decreto Legislativo nº 1.130, de 2021.";"2313048";"https://dadosabertos.camara.leg.br/api/v2/proposicoes/2313048";"PDL 1130/2021";"Aprova o texto do Acordo entre o Governo da República Federativa do Brasil e o Governo da República da África do Sul Acerca de Coproduções Audiovisuais, celebrado em Brasília, em 13 de setembro de 2018.";"554";"PDL";"1130";"2021"
"2313048-46";"https://dadosabertos.camara.leg.br/api/v2/votacoes/2313048-46";"2023-02-09";"Aprovada a Redação Final.";"2313048";"https://dadosabertos.camara.leg.br/api/v2/proposicoes/2313048";"PDL 1130/2021";"Aprova o texto do Acordo entre o Governo da República Federativa do Brasil e o Governo da República da África do Sul Acerca de Coproduções Audiovisuais, celebrado em Brasília, em 13 de setembro de 2018.";"554";"PDL";"1130";"2021"
"2313174-43";"https://dadosabertos.camara.leg.br/api/v2/votacoes/2313174-43";"2023-03-08";"Aprovado o Projeto de Lei nº 4.534, de 2021.";"2313174";"https://dadosabertos.camara.leg.br/api/v2/proposicoes/2313174";"PL 4534/2021";"Acrescenta o Capítulo I - B ao Título VI da Parte Especial do Decreto-Lei nº 2.848, de 7 de dezembro de 1940 – Código Penal, para tratar do crime de condicionamento de dever de ofício à prestação de atividade sexual.";"139";"PL";"4534";"2021"
"2313174-45";"https://dadosabertos.camara.leg.br/api/v2/votacoes/2313174-45";"2023-03-08";"Aprovada a Redação Final assinada pela relatora Dep. Maria do Rosário (PT-RS).";"2313174";"https://dadosabertos.camara.leg.br/api/v2/proposicoes/2313174";"PL 4534/2021";"Acrescenta o Capítulo I - B ao Título VI da Parte Especial do Decreto-Lei nº 2.848, de 7 de dezembro de 1940 – Código Penal, para tratar do crime de condicionamento de dever de ofício à prestação de atividade sexual.";"139";"PL";"4534";"2021"
"2313886-47";"https://dadosabertos.camara.leg.br/api/v2/votacoes/2313886-47";"2023-03-07";"Rejeitado o requerimento de votação nominal do requerimento de retirada de pauta.";"2313886";"https://dadosabertos.camara.leg.br/api/v2/proposicoes/2313886";"PL 81/2022";"Dispõe sobre o direito de toda mulher a ter acompanhante, pessoa de sua livre escolha, nas consultas e exames, inclusive os ginecológicos, nos estabelecimentos públicos e privados.";"139";"PL";"81";"2022"
"2313886-52";"https://dadosabertos.camara.leg.br/api/v2/votacoes/2313886-52";"2023-03-07";"Aprovado o Substitutivo ao Projeto de Lei nº 81, de 2022, adotado pela relatora da Comissão de Saúde.";"2313886";"https://dadosabertos.camara.leg.br/api/v2/proposicoes/2313886";"PL 81/2022";"Dispõe sobre o direito de toda mulher a ter acompanhante, pessoa de sua livre escolha, nas consultas e exames, inclusive os ginecológicos, nos estabelecimentos públicos e privados.";"139";"PL";"81";"2022"
"2313886-55";"https://dadosabertos.camara.leg.br/api/v2/votacoes/2313886-55";"2023-03-07";"Aprovada a Redação Final assinada pela relatora Dep. Bia Kicis (PL-DF).";"2313886";"https://dadosabertos.camara.leg.br/api/v2/proposicoes/2313886";"PL 81/2022";"Dispõe sobre o direito de toda mulher a ter acompanhante, pessoa de sua livre escolha, nas consultas e exames, inclusive os ginecológicos, nos estabelecimentos públicos e privados.";"139";"PL";"81";"2022"
"2318637-8";"https://dadosabertos.camara.leg.br/api/v2/votacoes/2318637-8";"2023-03-08";"Aprovado, por unanimidade, o Requerimento de Urgência (Art. 155 do RICD).";"2313174";"https://dadosabertos.camara.leg.br/api/v2/proposicoes/2313174";"PL 4534/2021";"Acrescenta o Capítulo I - B ao Título VI da Parte Especial do Decreto-Lei nº 2.848, de 7 de dezembro de 1940 – Código Penal, para tratar do crime de condicionamento de dever de ofício à prestação de atividade sexual.";"139";"PL";"4534";"2021"
"2320213-31";"https://dadosabertos.camara.leg.br/api/v2/votacoes/2320213-31";"2023-03-09";"Realizar o encaminhamento do PL-976/2022 à CCJC (tramitação simultânea), em razão da aprovação de requerimento de urgência.";"2320213";"https://dadosabertos.camara.leg.br/api/v2/proposicoes/2320213";"PL 976/2022";"Institui pensão especial destinada às crianças e adolescentes filhas(os) de mães vítimas de feminicídio.";"139";"PL";"976";"2022"
"2320213-32";"https://dadosabertos.camara.leg.br/api/v2/votacoes/2320213-32";"2023-03-09";"Realizar o encaminhamento do PL-976/2022 à CFT (tramitação simultânea), em razão da aprovação de requerimento de urgência.";"2320213";"https://dadosabertos.camara.leg.br/api/v2/proposicoes/2320213";"PL 976/2022";"Institui pensão especial destinada às crianças e adolescentes filhas(os) de mães vítimas de feminicídio.";"139";"PL";"976";"2022"
"2320213-51";"https://dadosabertos.camara.leg.br/api/v2/votacoes/2320213-51";"2023-03-09";"Aprovado o Substitutivo ao Projeto de Lei nº 976, de 2022, adotado pelo relator da Comissão de Previdência, Assistência Social, Infância, Adolescência e Família.";"2320213";"https://dadosabertos.camara.leg.br/api/v2/proposicoes/2320213";"PL 976/2022";"Institui pensão especial destinada às crianças e adolescentes filhas(os) de mães vítimas de feminicídio.";"139";"PL";"976";"2022"
"2320213-54";"https://dadosabertos.camara.leg.br/api/v2/votacoes/2320213-54";"2023-03-09";"Aprovada a Redação Final assinada pelo relator Dep. Capitão Alberto Neto (PL-AM).";"2320213";"https://dadosabertos.camara.leg.br/api/v2/proposicoes/2320213";"PL 976/2022";"Institui pensão especial destinada às crianças e adolescentes filhas(os) de mães vítimas de feminicídio.";"139";"PL";"976";"2022"
"2324976-40";"https://dadosabertos.camara.leg.br/api/v2/votacoes/2324976-40";"2023-02-09";"Aprovado o Projeto de Decreto Legislativo nº 160, de 2022.";"2324976";"https://dadosabertos.camara.leg.br/api/v2/proposicoes/2324976";"PDL 160/2022";"Aprova o texto do Protocolo sobre Transferência de Pessoas Sujeitas a Regimes Especiais (Complementar ao Acordo sobre Transferência de Pessoas Condenadas entre os Estados Partes do Mercosul e a República da Bolívia e a República do Chile), celebrado em Assunção, em 20 de junho de 2005.";"554";"PDL";"160";"2022"
"2324976-42";"https://dadosabertos.camara.leg.br/api/v2/votacoes/2324976-42";"2023-02-09";"Aprovada a Emenda de Comissão nº 1, de 2022.";"2324976";"https://dadosabertos.camara.leg.br/api/v2/proposicoes/2324976";"PDL 160/2022";"Aprova o texto do Protocolo sobre Transferência de Pessoas Sujeitas a Regimes Especiais (Complementar ao Acordo sobre Transferência de Pessoas Condenadas entre os Estados Partes do Mercosul e a República da Bolívia e a República do Chile), celebrado em Assunção, em 20 de junho de 2005.";"554";"PDL";"160";"2022"
"2324976-44";"https://dadosabertos.camara.leg.br/api/v2/votacoes/2324976-44";"2023-02-09";"Aprovada a Redação Final.";"2324976";"https://dadosabertos.camara.leg.br/api/v2/proposicoes/2324976";"PDL 160/2022";"Aprova o texto do Protocolo sobre Transferência de Pessoas Sujeitas a Regimes Especiais (Complementar ao Acordo sobre Transferência de Pessoas Condenadas entre os Estados Partes do Mercosul e a República da Bolívia e a República do Chile), celebrado em Assunção, em 20 de junho de 2005.";"554";"PDL";"160";"2022"
"2324977-60";"https://dadosabertos.camara.leg.br/api/v2/votacoes/2324977-60";"2023-02-15";"Aprovado o Projeto de Decreto Legislativo nº 161, de 2022.";"2324977";"https://dadosabertos.camara.leg.br/api/v2/proposicoes/2324977";"PDL 161/2022";"Aprova o texto da Convenção entre a República Federativa do Brasil e a República Oriental do Uruguai para Eliminar a Dupla Tributação em Relação aos Tributos sobre a Renda e sobre o Capital e Prevenir a Evasão e a Elisão Fiscais, assinado em Brasília, em 7 de junho de 2019.";"554";"PDL";"161";"2022"
"2324977-62";"https://dadosabertos.camara.leg.br/api/v2/votacoes/2324977-62";"2023-02-15";"Aprovada a Redação Final.";"2324977";"https://dadosabertos.camara.leg.br/api/v2/proposicoes/2324977";"PDL 161/2022";"Aprova o texto da Convenção entre a República Federativa do Brasil e a República Oriental do Uruguai para Eliminar a Dupla Tributação em Relação aos Tributos sobre a Renda e sobre o Capital e Prevenir a Evasão e a Elisão Fiscais, assinado em Brasília, em 7 de junho de 2019.";"554";"PDL";"161";"2022"
"2324989-41";"https://dadosabertos.camara.leg.br/api/v2/votacoes/2324989-41";"2023-02-15";"Aprovado o Projeto de Decreto Legislativo nº 168, de 2022.";"2324989";"https://dadosabertos.camara.leg.br/api/v2/proposicoes/2324989";"PDL 168/2022";"Aprova o texto do Acordo Sobre Mecanismo de Cooperação entre os Estados Partes do Mercosul e Estados Associados, firmado em Santa Fé, República Argentina, em 16 de junho de 2019.";"554";"PDL";"168";"2022"
"2324989-43";"https://dadosabertos.camara.leg.br/api/v2/votacoes/2324989-43";"2023-02-15";"Aprovada a Redação Final.";"2324989";"https://dadosabertos.camara.leg.br/api/v2/proposicoes/2324989";"PDL 168/2022";"Aprova o texto do Acordo Sobre Mecanismo de Cooperação entre os Estados Partes do Mercosul e Estados Associados, firmado em Santa Fé, República Argentina, em 16 de junho de 2019.";"554";"PDL";"168";"2022"
"2335151-30";"https://dadosabertos.camara.leg.br/api/v2/votacoes/2335151-30";"2023-02-14";"Aprovado, em apreciação preliminar, o Parecer da Comissão Mista, na parte em que manifesta opinião favorável quanto ao atendimento dos pressupostos constitucionais de relevância e urgência e à adequação financeira e orçamentária, nos termos do artigo 8º da Resolução nº 01, de 2002-CN.";"2335151";"https://dadosabertos.camara.leg.br/api/v2/proposicoes/2335151";"MPV 1138/2022";"Altera a Lei nº 12.249, de 11 de junho de 2010, para dispor sobre a alíquota do imposto sobre a renda retido na fonte incidente sobre as operações a que se refere.

NOVA EMENTA: Altera a Lei nº 12.249, de 11 de junho de 2010, para dispor sobre a alíquota do imposto sobre a renda retido na fonte incidente sobre as operações a que se refere; e revoga dispositivos das Leis nºs 12.810, de 15 de maio de 2013, 12.844, de 19 de julho de 2013, e 13.315, de 20 de julho de 2016.";"291";"MPV";"1138";"2022"
"2335151-31";"https://dadosabertos.camara.leg.br/api/v2/votacoes/2335151-31";"2023-02-14";"Aprovado, em apreciação preliminar, o Parecer da Comissão Mista, na parte em que manifesta opinião pelo não atendimento dos pressupostos constitucionais de relevância e urgência e pela inadequação financeira e orçamentária, nos termos do artigo 8º da Resolução nº 01, de 2002-CN.";"2335151";"https://dadosabertos.camara.leg.br/api/v2/proposicoes/2335151";"MPV 1138/2022";"Altera a Lei nº 12.249, de 11 de junho de 2010, para dispor sobre a alíquota do imposto sobre a renda retido na fonte incidente sobre as operações a que se refere.

NOVA EMENTA: Altera a Lei nº 12.249, de 11 de junho de 2010, para dispor sobre a alíquota do imposto sobre a renda retido na fonte incidente sobre as operações a que se refere; e revoga dispositivos das Leis nºs 12.810, de 15 de maio de 2013, 12.844, de 19 de julho de 2013, e 13.315, de 20 de julho de 2016.";"291";"MPV";"1138";"2022"
"2335151-33";"https://dadosabertos.camara.leg.br/api/v2/votacoes/2335151-33";"2023-02-14";"Aprovada a Medida Provisória nº 1.138, de 2022.";"2335151";"https://dadosabertos.camara.leg.br/api/v2/proposicoes/2335151";"MPV 1138/2022";"Altera a Lei nº 12.249, de 11 de junho de 2010, para dispor sobre a alíquota do imposto sobre a renda retido na fonte incidente sobre as operações a que se refere.

NOVA EMENTA: Altera a Lei nº 12.249, de 11 de junho de 2010, para dispor sobre a alíquota do imposto sobre a renda retido na fonte incidente sobre as operações a que se refere; e revoga dispositivos das Leis nºs 12.810, de 15 de maio de 2013, 12.844, de 19 de julho de 2013, e 13.315, de 20 de julho de 2016.";"291";"MPV";"1138";"2022"
"2335151-35";"https://dadosabertos.camara.leg.br/api/v2/votacoes/2335151-35";"2023-02-14";"Aprovada a Redação Final assinada pelo relator, Dep. Pedro Paulo (PSD-RJ).";"2335151";"https://dadosabertos.camara.leg.br/api/v2/proposicoes/2335151";"MPV 1138/2022";"Altera a Lei nº 12.249, de 11 de junho de 2010, para dispor sobre a alíquota do imposto sobre a renda retido na fonte incidente sobre as operações a que se refere.

NOVA EMENTA: Altera a Lei nº 12.249, de 11 de junho de 2010, para dispor sobre a alíquota do imposto sobre a renda retido na fonte incidente sobre as operações a que se refere; e revoga dispositivos das Leis nºs 12.810, de 15 de maio de 2013, 12.844, de 19 de julho de 2013, e 13.315, de 20 de julho de 2016.";"291";"MPV";"1138";"2022"
"2336439-37";"https://dadosabertos.camara.leg.br/api/v2/votacoes/2336439-37";"2023-03-01";"Aprovado, em apreciação preliminar, o Parecer da Comissão Mista, na parte em que manifesta opinião favorável quanto ao atendimento dos pressupostos constitucionais de relevância e urgência e à adequação financeira e orçamentária, nos termos do artigo 8º da Resolução nº 01, de 2002-CN.";"2336439";"https://dadosabertos.camara.leg.br/api/v2/proposicoes/2336439";"MPV 1139/2022";"Altera a Lei nº 13.999, de 18 de maio de 2020, e a Lei nº 14.161, de 2 de junho de 2021, para flexibilizar as condições de contratação e renegociação das operações do Programa Nacional de Apoio às Microempresas e Empresas de Pequeno Porte - Pronampe.

NOVA EMENTA: Altera as Leis nºs 13.999, de 18 de maio de 2020, 14.166, de 10 de junho de 2021, 11.540, de 12 de novembro de 2007, e 14.042, de 19 de agosto de 2020, para flexibilizar e aprimorar as condições de contratação e de renegociação das operações do Programa Nacional de Apoio às Microempresas e Empresas de Pequeno Porte (Pronampe), bem como para ampliar o prazo para a renegociação extraordinária de débitos no âmbito do Fundo Constitucional de Financiamento do Norte (FNO), do Fundo Constitucional de Financiamento do Nordeste (FNE) e do Fundo Constitucional de Financiamento do Centro-Oeste (FCO), facilitar o fomento à ciência e tecnologia e aprimorar o Programa Emergencial de Acesso a Crédito (Peac); e revoga dispositivos das Leis nºs 14.115, de 29 de dezembro de 2020, 14.161, de 2 de junho de 2021, e 14.257, de 1º de dezembro de 2021.";"291";"MPV";"1139";"2022"
"2336439-38";"https://dadosabertos.camara.leg.br/api/v2/votacoes/2336439-38";"2023-03-01";"Aprovado, em apreciação preliminar, o Parecer da Comissão Mista, na parte em que manifesta opinião pelo não atendimento dos pressupostos constitucionais de relevância e urgência e pela inadequação financeira e orçamentária, nos termos do artigo 8º da Resolução nº 01, de 2002-CN.";"2336439";"https://dadosabertos.camara.leg.br/api/v2/proposicoes/2336439";"MPV 1139/2022";"Altera a Lei nº 13.999, de 18 de maio de 2020, e a Lei nº 14.161, de 2 de junho de 2021, para flexibilizar as condições de contratação e renegociação das operações do Programa Nacional de Apoio às Microempresas e Empresas de Pequeno Porte - Pronampe.

NOVA EMENTA: Altera as Leis nºs 13.999, de 18 de maio de 2020, 14.166, de 10 de junho de 2021, 11.540, de 12 de novembro de 2007, e 14.042, de 19 de agosto de 2020, para flexibilizar e aprimorar as condições de contratação e de renegociação das operações do Programa Nacional de Apoio às Microempresas e Empresas de Pequeno Porte (Pronampe), bem como para ampliar o prazo para a renegociação extraordinária de débitos no âmbito do Fundo Constitucional de Financiamento do Norte (FNO), do Fundo Constitucional de Financiamento do Nordeste (FNE) e do Fundo Constitucional de Financiamento do Centro-Oeste (FCO), facilitar o fomento à ciência e tecnologia e aprimorar o Programa Emergencial de Acesso a Crédito (Peac); e revoga dispositivos das Leis nºs 14.115, de 29 de dezembro de 2020, 14.161, de 2 de junho de 2021, e 14.257, de 1º de dezembro de 2021.";"291";"MPV";"1139";"2022"
"2336439-42";"https://dadosabertos.camara.leg.br/api/v2/votacoes/2336439-42";"2023-03-01";"Aprovada a Medida Provisória nº 1.139 de 2022, na forma do Projeto de Lei de Conversão.";"2336439";"https://dadosabertos.camara.leg.br/api/v2/proposicoes/2336439";"MPV 1139/2022";"Altera a Lei nº 13.999, de 18 de maio de 2020, e a Lei nº 14.161, de 2 de junho de 2021, para flexibilizar as condições de contratação e renegociação das operações do Programa Nacional de Apoio às Microempresas e Empresas de Pequeno Porte - Pronampe.

NOVA EMENTA: Altera as Leis nºs 13.999, de 18 de maio de 2020, 14.166, de 10 de junho de 2021, 11.540, de 12 de novembro de 2007, e 14.042, de 19 de agosto de 2020, para flexibilizar e aprimorar as condições de contratação e de renegociação das operações do Programa Nacional de Apoio às Microempresas e Empresas de Pequeno Porte (Pronampe), bem como para ampliar o prazo para a renegociação extraordinária de débitos no âmbito do Fundo Constitucional de Financiamento do Norte (FNO), do Fundo Constitucional de Financiamento do Nordeste (FNE) e do Fundo Constitucional de Financiamento do Centro-Oeste (FCO), facilitar o fomento à ciência e tecnologia e aprimorar o Programa Emergencial de Acesso a Crédito (Peac); e revoga dispositivos das Leis nºs 14.115, de 29 de dezembro de 2020, 14.161, de 2 de junho de 2021, e 14.257, de 1º de dezembro de 2021.";"291";"MPV";"1139";"2022"
"2336439-44";"https://dadosabertos.camara.leg.br/api/v2/votacoes/2336439-44";"2023-03-01";"Aprovada a Redação Final assinada pelo relator, Dep. Yury do Paredão (PL-CE).";"2336439";"https://dadosabertos.camara.leg.br/api/v2/proposicoes/2336439";"MPV 1139/2022";"Altera a Lei nº 13.999, de 18 de maio de 2020, e a Lei nº 14.161, de 2 de junho de 2021, para flexibilizar as condições de contratação e renegociação das operações do Programa Nacional de Apoio às Microempresas e Empresas de Pequeno Porte - Pronampe.

NOVA EMENTA: Altera as Leis nºs 13.999, de 18 de maio de 2020, 14.166, de 10 de junho de 2021, 11.540, de 12 de novembro de 2007, e 14.042, de 19 de agosto de 2020, para flexibilizar e aprimorar as condições de contratação e de renegociação das operações do Programa Nacional de Apoio às Microempresas e Empresas de Pequeno Porte (Pronampe), bem como para ampliar o prazo para a renegociação extraordinária de débitos no âmbito do Fundo Constitucional de Financiamento do Norte (FNO), do Fundo Constitucional de Financiamento do Nordeste (FNE) e do Fundo Constitucional de Financiamento do Centro-Oeste (FCO), facilitar o fomento à ciência e tecnologia e aprimorar o Programa Emergencial de Acesso a Crédito (Peac); e revoga dispositivos das Leis nºs 14.115, de 29 de dezembro de 2020, 14.161, de 2 de junho de 2021, e 14.257, de 1º de dezembro de 2021.";"291";"MPV";"1139";"2022"
"2336440-41";"https://dadosabertos.camara.leg.br/api/v2/votacoes/2336440-41";"2023-03-07";"Aprovado, em apreciação preliminar, o Parecer da Comissão Mista, na parte em que manifesta opinião favorável quanto ao atendimento dos pressupostos constitucionais de relevância e urgência e à adequação financeira e orçamentária, nos termos do artigo 8º da Resolução nº 01, de 2002-CN.";"2336440";"https://dadosabertos.camara.leg.br/api/v2/proposicoes/2336440";"MPV 1140/2022";"Institui o Programa de Prevenção e Combate ao Assédio Sexual no âmbito dos sistemas de ensino federal, estadual, municipal e distrital.

NOVA EMENTA: Institui o Programa de Prevenção e Enfrentamento ao Assédio Sexual e demais Crimes contra a Dignidade Sexual e à Violência Sexual, no âmbito da administração pública, direta e indireta, federal, estadual, distrital e municipal.";"291";"MPV";"1140";"2022"
"2336440-42";"https://dadosabertos.camara.leg.br/api/v2/votacoes/2336440-42";"2023-03-07";"Aprovado, em apreciação preliminar, o Parecer da Comissão Mista, na parte em que manifesta opinião pelo não atendimento dos pressupostos constitucionais de relevância e urgência e pela inadequação financeira e orçamentária, nos termos do artigo 8º da Resolução nº 01, de 2002-CN.";"2336440";"https://dadosabertos.camara.leg.br/api/v2/proposicoes/2336440";"MPV 1140/2022";"Institui o Programa de Prevenção e Combate ao Assédio Sexual no âmbito dos sistemas de ensino federal, estadual, municipal e distrital.

NOVA EMENTA: Institui o Programa de Prevenção e Enfrentamento ao Assédio Sexual e demais Crimes contra a Dignidade Sexual e à Violência Sexual, no âmbito da administração pública, direta e indireta, federal, estadual, distrital e municipal.";"291";"MPV";"1140";"2022"
"2336440-44";"https://dadosabertos.camara.leg.br/api/v2/votacoes/2336440-44";"2023-03-07";"Aprovada a Medida Provisória nº 1.140 de 2022, na forma do Projeto de Lei de Conversão.";"2336440";"https://dadosabertos.camara.leg.br/api/v2/proposicoes/2336440";"MPV 1140/2022";"Institui o Programa de Prevenção e Combate ao Assédio Sexual no âmbito dos sistemas de ensino federal, estadual, municipal e distrital.

NOVA EMENTA: Institui o Programa de Prevenção e Enfrentamento ao Assédio Sexual e demais Crimes contra a Dignidade Sexual e à Violência Sexual, no âmbito da administração pública, direta e indireta, federal, estadual, distrital e municipal.";"291";"MPV";"1140";"2022"
"2336440-46";"https://dadosabertos.camara.leg.br/api/v2/votacoes/2336440-46";"2023-03-07";"Aprovada a Redação Final assinada pela relatora, Dep. Alice Portugal (PCdoB-BA).";"2336440";"https://dadosabertos.camara.leg.br/api/v2/proposicoes/2336440";"MPV 1140/2022";"Institui o Programa de Prevenção e Combate ao Assédio Sexual no âmbito dos sistemas de ensino federal, estadual, municipal e distrital.

NOVA EMENTA: Institui o Programa de Prevenção e Enfrentamento ao Assédio Sexual e demais Crimes contra a Dignidade Sexual e à Violência Sexual, no âmbito da administração pública, direta e indireta, federal, estadual, distrital e municipal.";"291";"MPV";"1140";"2022"
"2345501-17";"https://dadosabertos.camara.leg.br/api/v2/votacoes/2345501-17";"2023-01-09";"Realizar o encaminhamento da MSC-14/2023 à CCJC (tramitação simultânea), em razão da aprovação de requerimento de urgência.";"2345501";"https://dadosabertos.camara.leg.br/api/v2/proposicoes/2345501";"MSC 14/2023";"Submete à apreciação do Congresso Nacional o texto do decreto que ""Decreta intervenção federal no Distrito Federal com o objetivo de pôr termo ao grave comprometimento da ordem pública, nos termos que especifica"".";"134";"MSC";"14";"2023"
"2345501-18";"https://dadosabertos.camara.leg.br/api/v2/votacoes/2345501-18";"2023-01-09";"Realizar o encaminhamento da MSC-14/2023 à CCJC (tramitação simultânea), em razão da aprovação de requerimento de urgência.";"2345501";"https://dadosabertos.camara.leg.br/api/v2/proposicoes/2345501";"MSC 14/2023";"Submete à apreciação do Congresso Nacional o texto do decreto que ""Decreta intervenção federal no Distrito Federal com o objetivo de pôr termo ao grave comprometimento da ordem pública, nos termos que especifica"".";"134";"MSC";"14";"2023"
"2345501-25";"https://dadosabertos.camara.leg.br/api/v2/votacoes/2345501-25";"2023-01-09";"Rejeitado o Requerimento.";"2345501";"https://dadosabertos.camara.leg.br/api/v2/proposicoes/2345501";"MSC 14/2023";"Submete à apreciação do Congresso Nacional o texto do decreto que ""Decreta intervenção federal no Distrito Federal com o objetivo de pôr termo ao grave comprometimento da ordem pública, nos termos que especifica"".";"134";"MSC";"14";"2023"
"2345501-26";"https://dadosabertos.camara.leg.br/api/v2/votacoes/2345501-26";"2023-01-09";"Aprovado o Projeto de Decreto Legislativo nº 1, de 2023, adotado pelo Relator da Comissão de Constituição e Justiça e de Cidadania.";"2345501";"https://dadosabertos.camara.leg.br/api/v2/proposicoes/2345501";"MSC 14/2023";"Submete à apreciação do Congresso Nacional o texto do decreto que ""Decreta intervenção federal no Distrito Federal com o objetivo de pôr termo ao grave comprometimento da ordem pública, nos termos que especifica"".";"134";"MSC";"14";"2023"
"2345501-28";"https://dadosabertos.camara.leg.br/api/v2/votacoes/2345501-28";"2023-01-09";"Aprovada a Redação Final assinada pelo Relator, Dep. Rubens Pereira Junior (PT-MA).";"2345501";"https://dadosabertos.camara.leg.br/api/v2/proposicoes/2345501";"MSC 14/2023";"Submete à apreciação do Congresso Nacional o texto do decreto que ""Decreta intervenção federal no Distrito Federal com o objetivo de pôr termo ao grave comprometimento da ordem pública, nos termos que especifica"".";"134";"MSC";"14";"2023"
"2345502-6";"https://dadosabertos.camara.leg.br/api/v2/votacoes/2345502-6";"2023-01-09";"Aprovado, por unanimidade, o Requerimento de Urgência (Art. 155 do RICD).";"2345501";"https://dadosabertos.camara.leg.br/api/v2/proposicoes/2345501";"MSC 14/2023";"Submete à apreciação do Congresso Nacional o texto do decreto que ""Decreta intervenção federal no Distrito Federal com o objetivo de pôr termo ao grave comprometimento da ordem pública, nos termos que especifica"".";"134";"MSC";"14";"2023"
"2345508-7";"https://dadosabertos.camara.leg.br/api/v2/votacoes/2345508-7";"2023-01-09";"Apresentação do Voto em Separado n. 1 MESA, pela Deputada Carla Zambelli (PL/SP).";"2345508";"https://dadosabertos.camara.leg.br/api/v2/proposicoes/2345508";"PDL 1/2023";"Aprova a intervenção federal da área de segurança pública do Distrito Federal nos termos do Decreto Presidencial nº 11.377, de 8 de janeiro de 2023, com objetivo de pôr fim a grave comprometimento da ordem pública.";"550";"PDL";"1";"2023"
"2348205-14";"https://dadosabertos.camara.leg.br/api/v2/votacoes/2348205-14";"2023-02-08";"Aprovado o Substitutivo ao Projeto de Resolução nº 15, de 2023, adotado pelo Relator da Comissão de Constituição e Justiça e de Cidadania.";"2348205";"https://dadosabertos.camara.leg.br/api/v2/proposicoes/2348205";"PRC 15/2023";"Altera os arts. 17, 26, 32, 34 e 191 do Regimento Interno da Câmara dos Deputados, aprovado pela Resolução nº 17, de 21 de setembro de 1989, para compatibilizar o primeiro dispositivo com o art. 105, criar e redenominar as Comissões Permanentes que especifica, excluir a ressalva de votação de emendas de substitutivo aprovado, e dá outras providências.";"444";"PRC";"15";"2023"
"2348205-21";"https://dadosabertos.camara.leg.br/api/v2/votacoes/2348205-21";"2023-02-08";"Aprovada a Redação Final assinada pelo Relator, Dep. Hugo Motta (REPUBLIC-PB).";"2348205";"https://dadosabertos.camara.leg.br/api/v2/proposicoes/2348205";"PRC 15/2023";"Altera os arts. 17, 26, 32, 34 e 191 do Regimento Interno da Câmara dos Deputados, aprovado pela Resolução nº 17, de 21 de setembro de 1989, para compatibilizar o primeiro dispositivo com o art. 105, criar e redenominar as Comissões Permanentes que especifica, excluir a ressalva de votação de emendas de substitutivo aprovado, e dá outras providências.";"444";"PRC";"15";"2023"
"2348205-26";"https://dadosabertos.camara.leg.br/api/v2/votacoes/2348205-26";"2023-02-08";"Realizar o encaminhamento do PRC-15/2023 à CCJC (tramitação simultânea), em razão da aprovação de requerimento de urgência.";"2348205";"https://dadosabertos.camara.leg.br/api/v2/proposicoes/2348205";"PRC 15/2023";"Altera os arts. 17, 26, 32, 34 e 191 do Regimento Interno da Câmara dos Deputados, aprovado pela Resolução nº 17, de 21 de setembro de 1989, para compatibilizar o primeiro dispositivo com o art. 105, criar e redenominar as Comissões Permanentes que especifica, excluir a ressalva de votação de emendas de substitutivo aprovado, e dá outras providências.";"444";"PRC";"15";"2023"
"2348237-5";"https://dadosabertos.camara.leg.br/api/v2/votacoes/2348237-5";"2023-02-08";"Aprovado o Requerimento de Urgência (Art. 155 do RICD).";"2348205";"https://dadosabertos.camara.leg.br/api/v2/proposicoes/2348205";"PRC 15/2023";"Altera os arts. 17, 26, 32, 34 e 191 do Regimento Interno da Câmara dos Deputados, aprovado pela Resolução nº 17, de 21 de setembro de 1989, para compatibilizar o primeiro dispositivo com o art. 105, criar e redenominar as Comissões Permanentes que especifica, excluir a ressalva de votação de emendas de substitutivo aprovado, e dá outras providências.";"444";"PRC";"15";"2023"
"2349625-3";"https://dadosabertos.camara.leg.br/api/v2/votacoes/2349625-3";"2023-03-07";"Aprovado.";"2349625";"https://dadosabertos.camara.leg.br/api/v2/proposicoes/2349625";"REQ 1/2023 GTSTN";"Requer a realização de Seminário no Estado de Goiás para debater a reforma tributária na economia Brasileira.";"686";"REQ";"1";"2023"
"2350286-2";"https://dadosabertos.camara.leg.br/api/v2/votacoes/2350286-2";"2023-03-08";"Aprovado.";"2349625";"https://dadosabertos.camara.leg.br/api/v2/proposicoes/2349625";"REQ 1/2023 GTSTN";"Requer a realização de Seminário no Estado de Goiás para debater a reforma tributária na economia Brasileira.";"686";"REQ";"1";"2023"
"2350686-6";"https://dadosabertos.camara.leg.br/api/v2/votacoes/2350686-6";"2023-03-08";"Aprovado, por unanimidade, o Requerimento de Urgência (Art. 155 do RICD).";"2320213";"https://dadosabertos.camara.leg.br/api/v2/proposicoes/2320213";"PL 976/2022";"Institui pensão especial destinada às crianças e adolescentes filhas(os) de mães vítimas de feminicídio.";"139";"PL";"976";"2022"
"2350694-6";"https://dadosabertos.camara.leg.br/api/v2/votacoes/2350694-6";"2023-03-08";"Aprovado, por unanimidade, o Requerimento de Urgência (Art. 155 do RICD).";"2139046";"https://dadosabertos.camara.leg.br/api/v2/proposicoes/2139046";"PL 2113/2019 (Nº Anterior: pl 7720/2017)";"Altera as Leis nº 9.656, de 3 de junho de 1998, e 9.797, de 6 de maio de 1999.";"139";"PL";"2113";"2019"
"258022-244";"https://dadosabertos.camara.leg.br/api/v2/votacoes/258022-244";"2023-03-08";"Aprovado o Substitutivo do Senado Federal ao Projeto de Lei nº 3.796, de 2004, com exceção dos incisos II e III do § 2º do art. 1º, ressalvado o destaque.";"258022";"https://dadosabertos.camara.leg.br/api/v2/proposicoes/258022";"PL 3796/2004";"Dispõe sobre a Política Nacional de Conscientização e Orientação sobre o LES - Lupus Eritematoso Sistêmico, e dá providências correlatas.";"139";"PL";"3796";"2004"
"258022-247";"https://dadosabertos.camara.leg.br/api/v2/votacoes/258022-247";"2023-03-08";"Suprimido o texto.";"258022";"https://dadosabertos.camara.leg.br/api/v2/proposicoes/258022";"PL 3796/2004";"Dispõe sobre a Política Nacional de Conscientização e Orientação sobre o LES - Lupus Eritematoso Sistêmico, e dá providências correlatas.";"139";"PL";"3796";"2004"
"258022-249";"https://dadosabertos.camara.leg.br/api/v2/votacoes/258022-249";"2023-03-08";"Aprovada a Redação Final assinada pelo Relator.";"258022";"https://dadosabertos.camara.leg.br/api/v2/proposicoes/258022";"PL 3796/2004";"Dispõe sobre a Política Nacional de Conscientização e Orientação sobre o LES - Lupus Eritematoso Sistêmico, e dá providências correlatas.";"139";"PL";"3796";"2004"
"266409-126";"https://dadosabertos.camara.leg.br/api/v2/votacoes/266409-126";"2023-01-31";"[PARECER CONSIDERADO VÁLIDO, NOS TERMOS DO § 2º DO ART 105 DO RICD, ENQUANTO APENSADO AO PRC 62/1991]: APROVAÇÃO UNANIME DO PARECER DO RELATOR, DEP CLEONANCIO FONSECA, PELA CONSTITUCIONALIDADE, JURIDICIDADE E TECNICA LEGISLATIVA.
DCN1 05 03 93 PAG 4583 COL 01.";"266409";"https://dadosabertos.camara.leg.br/api/v2/proposicoes/266409";"PRC 172/2004";"Altera o Regimento Interno da Câmara dos Deputados, para dispor sobre seguro saúde a Deputado Federal, quando estiver no desempenho de missão oficial.";"444";"PRC";"172";"2004"
"266409-127";"https://dadosabertos.camara.leg.br/api/v2/votacoes/266409-127";"2023-01-31";"[PARECER CONSIDERADO VÁLIDO, NOS TERMOS DO § 2º DO ART 105 DO RICD, ENQUANTO APENSADO AO PRC 62/1991]: APROVAÇÃO UNANIME DO PARECER FAVORAVEL DO RELATOR, DEP GENESIO BERNARDINO, PRIMEIRO VICE-PRESIDENTE, COM SUBSTITUTIVO.
DCN1 16 01 93 PAG 0629 COL 02.";"266409";"https://dadosabertos.camara.leg.br/api/v2/proposicoes/266409";"PRC 172/2004";"Altera o Regimento Interno da Câmara dos Deputados, para dispor sobre seguro saúde a Deputado Federal, quando estiver no desempenho de missão oficial.";"444";"PRC";"172";"2004"
